Stage Name,Event Name,Rank,Time,Num Messages,Message Length,Num Reductions,FLOP,dof0,dof1,dof2,dof3,dof4,dof5,dof6,dof7,e0,e1,e2,e3,e4,e5,e6,e7,1
Main Stage,summary,0,0.0435698,0.,0.,0.,37223.
Main Stage,PetscBarrier,0,0.,0.,0.,0.,0.
Main Stage,BuildTwoSided,0,0.000510454,0.,0.,0.,0.
Main Stage,BuildTwoSidedF,0,0.,0.,0.,0.,0.
Main Stage,DMConvert,0,0.,0.,0.,0.,0.
Main Stage,DMGlobalToLocal,0,0.,0.,0.,0.,0.
Main Stage,DMLocalToGlobal,0,0.,0.,0.,0.,0.
Main Stage,DMLocatePoints,0,0.,0.,0.,0.,0.
Main Stage,DMCoarsen,0,0.,0.,0.,0.,0.
Main Stage,DMCreateInterp,0,0.,0.,0.,0.,0.
Main Stage,DMCreateRestrict,0,0.,0.,0.,0.,0.
Main Stage,DMCreateInject,0,0.,0.,0.,0.,0.
Main Stage,DMCreateMat,0,0.,0.,0.,0.,0.
Main Stage,Mesh Partition,0,0.,0.,0.,0.,0.
Main Stage,Mesh Migration,0,0.,0.,0.,0.,0.
Main Stage,DMPlexPartSelf,0,0.,0.,0.,0.,0.
Main Stage,DMPlexPartLblInv,0,0.,0.,0.,0.,0.
Main Stage,DMPlexPartLblSF,0,0.,0.,0.,0.,0.
Main Stage,DMPlexPartStrtSF,0,0.,0.,0.,0.,0.
Main Stage,DMPlexPointSF,0,0.,0.,0.,0.,0.
Main Stage,DMPlexInterp,0,0.,0.,0.,0.,0.
Main Stage,DMPlexDistribute,0,0.,0.,0.,0.,0.
Main Stage,DMPlexDistCones,0,0.,0.,0.,0.,0.
Main Stage,DMPlexDistLabels,0,0.,0.,0.,0.,0.
Main Stage,DMPlexDistSF,0,0.,0.,0.,0.,0.
Main Stage,DMPlexDistOvrlp,0,0.,0.,0.,0.,0.
Main Stage,DMPlexDistField,0,0.,0.,0.,0.,0.
Main Stage,DMPlexDistData,0,0.,0.,0.,0.,0.
Main Stage,DMPlexInterpSF,0,0.,0.,0.,0.,0.
Main Stage,DMPlexGToNBegin,0,0.,0.,0.,0.,0.
Main Stage,DMPlexGToNEnd,0,0.,0.,0.,0.,0.
Main Stage,DMPlexNToGBegin,0,0.,0.,0.,0.,0.
Main Stage,DMPlexNToGEnd,0,0.,0.,0.,0.,0.
Main Stage,DMPlexStratify,0,0.,0.,0.,0.,0.
Main Stage,DMPlexSymmetrize,0,0.,0.,0.,0.,0.
Main Stage,DMPlexPrealloc,0,0.,0.,0.,0.,0.
Main Stage,DMPlexResidualFE,0,0.,0.,0.,0.,0.
Main Stage,DMPlexJacobianFE,0,0.,0.,0.,0.,0.
Main Stage,DMPlexInterpFE,0,0.,0.,0.,0.,0.
Main Stage,DMPlexInjectorFE,0,0.,0.,0.,0.,0.
Main Stage,DMPlexIntegralFEM,0,0.,0.,0.,0.,0.
Main Stage,DMPlexCreateGmsh,0,0.,0.,0.,0.,0.
Main Stage,DMPlexRebalance,0,0.,0.,0.,0.,0.
Main Stage,DMSwarmMigrate,0,0.,0.,0.,0.,0.
Main Stage,DMSwarmDETSetup,0,0.,0.,0.,0.,0.
Main Stage,DMSwarmDExBegin,0,0.,0.,0.,0.,0.
Main Stage,DMSwarmDExEnd,0,0.,0.,0.,0.,0.
Main Stage,DMSwarmDESendCnt,0,0.,0.,0.,0.,0.
Main Stage,DMSwarmDEPack,0,0.,0.,0.,0.,0.
Main Stage,DMSwarmAddPnts,0,0.,0.,0.,0.,0.
Main Stage,DMSwarmRmvPnts,0,0.,0.,0.,0.,0.
Main Stage,DMSwarmSort,0,0.,0.,0.,0.,0.
Main Stage,DMSwarmSetSizes,0,0.,0.,0.,0.,0.
Main Stage,SFSetGraph,0,0.000187159,0.,0.,0.,0.
Main Stage,SFSetUp,0,0.00352645,0.,0.,0.,0.
Main Stage,SFBcastBegin,0,0.,0.,0.,0.,0.
Main Stage,SFBcastEnd,0,0.,0.,0.,0.,0.
Main Stage,SFBcastOpBegin,0,0.,0.,0.,0.,0.
Main Stage,SFBcastOpEnd,0,0.,0.,0.,0.,0.
Main Stage,SFReduceBegin,0,0.00188637,0.,0.,0.,0.
Main Stage,SFReduceEnd,0,0.00013876,0.,0.,0.,0.
Main Stage,SFFetchOpBegin,0,0.,0.,0.,0.,0.
Main Stage,SFFetchOpEnd,0,0.,0.,0.,0.,0.
Main Stage,SFCreateEmbed,0,0.,0.,0.,0.,0.
Main Stage,SFDistSection,0,0.,0.,0.,0.,0.
Main Stage,SFSectionSF,0,0.,0.,0.,0.,0.
Main Stage,SFRemoteOff,0,0.,0.,0.,0.,0.
Main Stage,MatMult MF,0,0.,0.,0.,0.,0.
Main Stage,MatMult,0,0.,0.,0.,0.,0.
Main Stage,MatMults,0,0.,0.,0.,0.,0.
Main Stage,MatMultConstr,0,0.,0.,0.,0.,0.
Main Stage,MatMultAdd,0,0.,0.,0.,0.,0.
Main Stage,MatMultTranspose,0,0.,0.,0.,0.,0.
Main Stage,MatMultTrConstr,0,0.,0.,0.,0.,0.
Main Stage,MatMultTrAdd,0,0.,0.,0.,0.,0.
Main Stage,MatSolve,0,0.,0.,0.,0.,0.
Main Stage,MatSolves,0,0.,0.,0.,0.,0.
Main Stage,MatSolveAdd,0,0.,0.,0.,0.,0.
Main Stage,MatSolveTranspos,0,0.,0.,0.,0.,0.
Main Stage,MatSolveTrAdd,0,0.,0.,0.,0.,0.
Main Stage,MatSOR,0,0.,0.,0.,0.,0.
Main Stage,MatForwardSolve,0,0.,0.,0.,0.,0.
Main Stage,MatBackwardSolve,0,0.,0.,0.,0.,0.
Main Stage,MatLUFactor,0,0.,0.,0.,0.,0.
Main Stage,MatLUFactorSym,0,0.,0.,0.,0.,0.
Main Stage,MatLUFactorNum,0,0.,0.,0.,0.,0.
Main Stage,MatCholeskyFctr,0,0.,0.,0.,0.,0.
Main Stage,MatCholFctrSym,0,0.,0.,0.,0.,0.
Main Stage,MatCholFctrNum,0,0.,0.,0.,0.,0.
Main Stage,MatFctrFactSchur,0,0.,0.,0.,0.,0.
Main Stage,MatFctrInvSchur,0,0.,0.,0.,0.,0.
Main Stage,MatILUFactor,0,0.,0.,0.,0.,0.
Main Stage,MatILUFactorSym,0,0.,0.,0.,0.,0.
Main Stage,MatICCFactorSym,0,0.,0.,0.,0.,0.
Main Stage,MatCopy,0,0.,0.,0.,0.,0.
Main Stage,MatConvert,0,0.,0.,0.,0.,0.
Main Stage,MatScale,0,0.,0.,0.,0.,0.
Main Stage,MatResidual,0,0.,0.,0.,0.,0.
Main Stage,MatAssemblyBegin,0,0.,0.,0.,0.,0.
Main Stage,MatAssemblyEnd,0,0.,0.,0.,0.,0.
Main Stage,MatSetValues,0,0.,0.,0.,0.,0.
Main Stage,MatGetValues,0,0.,0.,0.,0.,0.
Main Stage,MatGetRow,0,0.,0.,0.,0.,0.
Main Stage,MatGetRowIJ,0,0.,0.,0.,0.,0.
Main Stage,MatCreateSubMats,0,0.,0.,0.,0.,0.
Main Stage,MatCreateSubMat,0,0.,0.,0.,0.,0.
Main Stage,MatGetOrdering,0,0.,0.,0.,0.,0.
Main Stage,MatIncreaseOvrlp,0,0.,0.,0.,0.,0.
Main Stage,MatPartitioning,0,0.,0.,0.,0.,0.
Main Stage,MatPartitioningND,0,0.,0.,0.,0.,0.
Main Stage,MatCoarsen,0,0.,0.,0.,0.,0.
Main Stage,MatZeroEntries,0,0.,0.,0.,0.,0.
Main Stage,MatLoad,0,0.,0.,0.,0.,0.
Main Stage,MatView,0,0.,0.,0.,0.,0.
Main Stage,MatAXPY,0,0.,0.,0.,0.,0.
Main Stage,MatFDColorCreate,0,0.,0.,0.,0.,0.
Main Stage,MatFDColorSetUp,0,0.,0.,0.,0.,0.
Main Stage,MatFDColorApply,0,0.,0.,0.,0.,0.
Main Stage,MatFDColorFunc,0,0.,0.,0.,0.,0.
Main Stage,MatTranspose,0,0.,0.,0.,0.,0.
Main Stage,MatMatMult,0,0.,0.,0.,0.,0.
Main Stage,MatMatSolve,0,0.,0.,0.,0.,0.
Main Stage,MatMatTrSolve,0,0.,0.,0.,0.,0.
Main Stage,MatMatMultSym,0,0.,0.,0.,0.,0.
Main Stage,MatMatMultNum,0,0.,0.,0.,0.,0.
Main Stage,MatMatMatMult,0,0.,0.,0.,0.,0.
Main Stage,MatMatMatMultSym,0,0.,0.,0.,0.,0.
Main Stage,MatMatMatMultNum,0,0.,0.,0.,0.,0.
Main Stage,MatPtAP,0,0.,0.,0.,0.,0.
Main Stage,MatPtAPSymbolic,0,0.,0.,0.,0.,0.
Main Stage,MatPtAPNumeric,0,0.,0.,0.,0.,0.
Main Stage,MatRARt,0,0.,0.,0.,0.,0.
Main Stage,MatRARtSym,0,0.,0.,0.,0.,0.
Main Stage,MatRARtNum,0,0.,0.,0.,0.,0.
Main Stage,MatMatTransMult,0,0.,0.,0.,0.,0.
Main Stage,MatMatTrnMultSym,0,0.,0.,0.,0.,0.
Main Stage,MatMatTrnMultNum,0,0.,0.,0.,0.,0.
Main Stage,MatTrnMatMult,0,0.,0.,0.,0.,0.
Main Stage,MatTrnMatMultSym,0,0.,0.,0.,0.,0.
Main Stage,MatTrnMatMultNum,0,0.,0.,0.,0.,0.
Main Stage,MatTrnColorCreate,0,0.,0.,0.,0.,0.
Main Stage,MatRedundantMat,0,0.,0.,0.,0.,0.
Main Stage,MatGetSeqNZStrct,0,0.,0.,0.,0.,0.
Main Stage,MatGetMultiProcB,0,0.,0.,0.,0.,0.
Main Stage,MatSetRandom,0,0.,0.,0.,0.,0.
Main Stage,MatMPISumSeqNumeric,0,0.,0.,0.,0.,0.
Main Stage,MatMPISumSeqSymbolic,0,0.,0.,0.,0.,0.
Main Stage,MatMPISumSeq,0,0.,0.,0.,0.,0.
Main Stage,MatMPIConcateSeq,0,0.,0.,0.,0.,0.
Main Stage,MatGetLocalMat,0,0.,0.,0.,0.,0.
Main Stage,MatGetLocalMatCondensed,0,0.,0.,0.,0.,0.
Main Stage,MatGetBrowsOfAcols,0,0.,0.,0.,0.,0.
Main Stage,MatGetBrAoCol,0,0.,0.,0.,0.,0.
Main Stage,MatApplyPAPt_Symbolic,0,0.,0.,0.,0.,0.
Main Stage,MatApplyPAPt_Numeric,0,0.,0.,0.,0.,0.
Main Stage,MatApplyPAPt,0,0.,0.,0.,0.,0.
Main Stage,MatGetSymTrans,0,0.,0.,0.,0.,0.
Main Stage,MatGetSymTransR,0,0.,0.,0.,0.,0.
Main Stage,MatCUSPARSCopyTo,0,0.,0.,0.,0.,0.
Main Stage,MatVCLCopyTo,0,0.,0.,0.,0.,0.
Main Stage,MatDenseCopyTo,0,0.,0.,0.,0.,0.
Main Stage,MatDenseCopyFrom,0,0.,0.,0.,0.,0.
Main Stage,MatSetValBatch,0,0.,0.,0.,0.,0.
Main Stage,MatColoringApply,0,0.,0.,0.,0.,0.
Main Stage,MatColoringComm,0,0.,0.,0.,0.,0.
Main Stage,MatColoringLocal,0,0.,0.,0.,0.,0.
Main Stage,MatColoringIS,0,0.,0.,0.,0.,0.
Main Stage,MatColoringSetUp,0,0.,0.,0.,0.,0.
Main Stage,MatColoringWeights,0,0.,0.,0.,0.,0.
Main Stage,VecView,0,0.,0.,0.,0.,0.
Main Stage,VecMax,0,0.,0.,0.,0.,0.
Main Stage,VecMin,0,0.,0.,0.,0.,0.
Main Stage,VecDot,0,0.,0.,0.,0.,0.
Main Stage,VecDotNorm2,0,0.,0.,0.,0.,0.
Main Stage,VecMDot,0,0.,0.,0.,0.,0.
Main Stage,VecTDot,0,0.,0.,0.,0.,0.
Main Stage,VecMTDot,0,0.,0.,0.,0.,0.
Main Stage,VecNorm,0,8.13007e-05,0.,0.,0.,24815.
Main Stage,VecScale,0,0.,0.,0.,0.,0.
Main Stage,VecCopy,0,0.,0.,0.,0.,0.
Main Stage,VecSet,0,7.43866e-05,0.,0.,0.,0.
Main Stage,VecAXPY,0,0.,0.,0.,0.,0.
Main Stage,VecAYPX,0,0.,0.,0.,0.,0.
Main Stage,VecAXPBYCZ,0,0.,0.,0.,0.,0.
Main Stage,VecWAXPY,0,0.000138521,0.,0.,0.,12408.
Main Stage,VecMAXPY,0,0.,0.,0.,0.,0.
Main Stage,VecSwap,0,0.,0.,0.,0.,0.
Main Stage,VecOps,0,0.,0.,0.,0.,0.
Main Stage,VecAssemblyBegin,0,0.,0.,0.,0.,0.
Main Stage,VecAssemblyEnd,0,0.,0.,0.,0.,0.
Main Stage,VecPointwiseMult,0,0.,0.,0.,0.,0.
Main Stage,VecSetValues,0,0.,0.,0.,0.,0.
Main Stage,VecLoad,0,0.,0.,0.,0.,0.
Main Stage,VecScatterBegin,0,0.,0.,0.,0.,0.
Main Stage,VecScatterEnd  ,0,0.,0.,0.,0.,0.
Main Stage,VecSetRandom,0,0.,0.,0.,0.,0.
Main Stage,VecReduceArith,0,0.,0.,0.,0.,0.
Main Stage,VecReduceComm,0,0.,0.,0.,0.,0.
Main Stage,VecReduceBegin,0,0.,0.,0.,0.,0.
Main Stage,VecReduceEnd,0,0.,0.,0.,0.,0.
Main Stage,VecNormalize,0,0.,0.,0.,0.,0.
Main Stage,SNESSolve,0,0.,0.,0.,0.,0.
Main Stage,SNESSetUp,0,0.,0.,0.,0.,0.
Main Stage,SNESFunctionEval,0,0.,0.,0.,0.,0.
Main Stage,SNESObjectiveEval,0,0.,0.,0.,0.,0.
Main Stage,SNESNGSEval,0,0.,0.,0.,0.,0.
Main Stage,SNESNGSFuncEval,0,0.,0.,0.,0.,0.
Main Stage,SNESJacobianEval,0,0.,0.,0.,0.,0.
Main Stage,SNESNPCSolve,0,0.,0.,0.,0.,0.
Main Stage,SNESLineSearch,0,0.,0.,0.,0.,0.
Main Stage,KSPSetUp,0,0.,0.,0.,0.,0.
Main Stage,KSPSolve,0,0.,0.,0.,0.,0.
Main Stage,KSPGMRESOrthog,0,0.,0.,0.,0.,0.
Main Stage,KSPSolveTranspos,0,0.,0.,0.,0.,0.
Main Stage,PCGAMGGraph_AGG,0,0.,0.,0.,0.,0.
Main Stage,PCGAMGGraph_GEO,0,0.,0.,0.,0.,0.
Main Stage,PCGAMGCoarse_AGG,0,0.,0.,0.,0.,0.
Main Stage,PCGAMGCoarse_GEO,0,0.,0.,0.,0.,0.
Main Stage,PCGAMGProl_AGG,0,0.,0.,0.,0.,0.
Main Stage,PCGAMGProl_GEO,0,0.,0.,0.,0.,0.
Main Stage,PCGAMGPOpt_AGG,0,0.,0.,0.,0.,0.
Main Stage,GAMG: createProl,0,0.,0.,0.,0.,0.
Main Stage,  Graph,0,0.,0.,0.,0.,0.
Main Stage,  MIS/Agg,0,0.,0.,0.,0.,0.
Main Stage,  geo: growSupp,0,0.,0.,0.,0.,0.
Main Stage,  geo: triangle,0,0.,0.,0.,0.,0.
Main Stage,    search-set,0,0.,0.,0.,0.,0.
Main Stage,  SA: col data,0,0.,0.,0.,0.,0.
Main Stage,  SA: frmProl0,0,0.,0.,0.,0.,0.
Main Stage,  SA: smooth,0,0.,0.,0.,0.,0.
Main Stage,GAMG: partLevel,0,0.,0.,0.,0.,0.
Main Stage,  repartition,0,0.,0.,0.,0.,0.
Main Stage,  Invert-Sort,0,0.,0.,0.,0.,0.
Main Stage,  Move A,0,0.,0.,0.,0.,0.
Main Stage,  Move P,0,0.,0.,0.,0.,0.
Main Stage,PCBDDCTopo,0,0.,0.,0.,0.,0.
Main Stage,PCBDDCLKSP,0,0.,0.,0.,0.,0.
Main Stage,PCBDDCLWor,0,0.,0.,0.,0.,0.
Main Stage,PCBDDCCorr,0,0.,0.,0.,0.,0.
Main Stage,PCBDDCASet,0,0.,0.,0.,0.,0.
Main Stage,PCBDDCAApp,0,0.,0.,0.,0.,0.
Main Stage,PCBDDCCSet,0,0.,0.,0.,0.,0.
Main Stage,PCBDDCCKSP,0,0.,0.,0.,0.,0.
Main Stage,PCBDDCAdap,0,0.,0.,0.,0.,0.
Main Stage,PCBDDCScal,0,0.,0.,0.,0.,0.
Main Stage,PCBDDCSchr,0,0.,0.,0.,0.,0.
Main Stage,PCBDDCTopo l01,0,0.,0.,0.,0.,0.
Main Stage,PCBDDCLKSP l01,0,0.,0.,0.,0.,0.
Main Stage,PCBDDCLWor l01,0,0.,0.,0.,0.,0.
Main Stage,PCBDDCCorr l01,0,0.,0.,0.,0.,0.
Main Stage,PCBDDCASet l01,0,0.,0.,0.,0.,0.
Main Stage,PCBDDCAApp l01,0,0.,0.,0.,0.,0.
Main Stage,PCBDDCCSet l01,0,0.,0.,0.,0.,0.
Main Stage,PCBDDCCKSP l01,0,0.,0.,0.,0.,0.
Main Stage,PCBDDCAdap l01,0,0.,0.,0.,0.,0.
Main Stage,PCBDDCScal l01,0,0.,0.,0.,0.,0.
Main Stage,PCBDDCSchr l01,0,0.,0.,0.,0.,0.
Main Stage,PCBDDCTopo l02,0,0.,0.,0.,0.,0.
Main Stage,PCBDDCLKSP l02,0,0.,0.,0.,0.,0.
Main Stage,PCBDDCLWor l02,0,0.,0.,0.,0.,0.
Main Stage,PCBDDCCorr l02,0,0.,0.,0.,0.,0.
Main Stage,PCBDDCASet l02,0,0.,0.,0.,0.,0.
Main Stage,PCBDDCAApp l02,0,0.,0.,0.,0.,0.
Main Stage,PCBDDCCSet l02,0,0.,0.,0.,0.,0.
Main Stage,PCBDDCCKSP l02,0,0.,0.,0.,0.,0.
Main Stage,PCBDDCAdap l02,0,0.,0.,0.,0.,0.
Main Stage,PCBDDCScal l02,0,0.,0.,0.,0.,0.
Main Stage,PCBDDCSchr l02,0,0.,0.,0.,0.,0.
Main Stage,PCBDDCTopo l03,0,0.,0.,0.,0.,0.
Main Stage,PCBDDCLKSP l03,0,0.,0.,0.,0.,0.
Main Stage,PCBDDCLWor l03,0,0.,0.,0.,0.,0.
Main Stage,PCBDDCCorr l03,0,0.,0.,0.,0.,0.
Main Stage,PCBDDCASet l03,0,0.,0.,0.,0.,0.
Main Stage,PCBDDCAApp l03,0,0.,0.,0.,0.,0.
Main Stage,PCBDDCCSet l03,0,0.,0.,0.,0.,0.
Main Stage,PCBDDCCKSP l03,0,0.,0.,0.,0.,0.
Main Stage,PCBDDCAdap l03,0,0.,0.,0.,0.,0.
Main Stage,PCBDDCScal l03,0,0.,0.,0.,0.,0.
Main Stage,PCBDDCSchr l03,0,0.,0.,0.,0.,0.
Main Stage,PCBDDCTopo l04,0,0.,0.,0.,0.,0.
Main Stage,PCBDDCLKSP l04,0,0.,0.,0.,0.,0.
Main Stage,PCBDDCLWor l04,0,0.,0.,0.,0.,0.
Main Stage,PCBDDCCorr l04,0,0.,0.,0.,0.,0.
Main Stage,PCBDDCASet l04,0,0.,0.,0.,0.,0.
Main Stage,PCBDDCAApp l04,0,0.,0.,0.,0.,0.
Main Stage,PCBDDCCSet l04,0,0.,0.,0.,0.,0.
Main Stage,PCBDDCCKSP l04,0,0.,0.,0.,0.,0.
Main Stage,PCBDDCAdap l04,0,0.,0.,0.,0.,0.
Main Stage,PCBDDCScal l04,0,0.,0.,0.,0.,0.
Main Stage,PCBDDCSchr l04,0,0.,0.,0.,0.,0.
Main Stage,PCBDDCTopo l05,0,0.,0.,0.,0.,0.
Main Stage,PCBDDCLKSP l05,0,0.,0.,0.,0.,0.
Main Stage,PCBDDCLWor l05,0,0.,0.,0.,0.,0.
Main Stage,PCBDDCCorr l05,0,0.,0.,0.,0.,0.
Main Stage,PCBDDCASet l05,0,0.,0.,0.,0.,0.
Main Stage,PCBDDCAApp l05,0,0.,0.,0.,0.,0.
Main Stage,PCBDDCCSet l05,0,0.,0.,0.,0.,0.
Main Stage,PCBDDCCKSP l05,0,0.,0.,0.,0.,0.
Main Stage,PCBDDCAdap l05,0,0.,0.,0.,0.,0.
Main Stage,PCBDDCScal l05,0,0.,0.,0.,0.,0.
Main Stage,PCBDDCSchr l05,0,0.,0.,0.,0.,0.
Main Stage,PCBDDCTopo l06,0,0.,0.,0.,0.,0.
Main Stage,PCBDDCLKSP l06,0,0.,0.,0.,0.,0.
Main Stage,PCBDDCLWor l06,0,0.,0.,0.,0.,0.
Main Stage,PCBDDCCorr l06,0,0.,0.,0.,0.,0.
Main Stage,PCBDDCASet l06,0,0.,0.,0.,0.,0.
Main Stage,PCBDDCAApp l06,0,0.,0.,0.,0.,0.
Main Stage,PCBDDCCSet l06,0,0.,0.,0.,0.,0.
Main Stage,PCBDDCCKSP l06,0,0.,0.,0.,0.,0.
Main Stage,PCBDDCAdap l06,0,0.,0.,0.,0.,0.
Main Stage,PCBDDCScal l06,0,0.,0.,0.,0.,0.
Main Stage,PCBDDCSchr l06,0,0.,0.,0.,0.,0.
Main Stage,PCBDDCTopo l07,0,0.,0.,0.,0.,0.
Main Stage,PCBDDCLKSP l07,0,0.,0.,0.,0.,0.
Main Stage,PCBDDCLWor l07,0,0.,0.,0.,0.,0.
Main Stage,PCBDDCCorr l07,0,0.,0.,0.,0.,0.
Main Stage,PCBDDCASet l07,0,0.,0.,0.,0.,0.
Main Stage,PCBDDCAApp l07,0,0.,0.,0.,0.,0.
Main Stage,PCBDDCCSet l07,0,0.,0.,0.,0.,0.
Main Stage,PCBDDCCKSP l07,0,0.,0.,0.,0.,0.
Main Stage,PCBDDCAdap l07,0,0.,0.,0.,0.,0.
Main Stage,PCBDDCScal l07,0,0.,0.,0.,0.,0.
Main Stage,PCBDDCSchr l07,0,0.,0.,0.,0.,0.
Main Stage,PCSetUp,0,0.,0.,0.,0.,0.
Main Stage,PCSetUpOnBlocks,0,0.,0.,0.,0.,0.
Main Stage,PCApply,0,0.,0.,0.,0.,0.
Main Stage,PCApplyOnBlocks,0,0.,0.,0.,0.,0.
Main Stage,PCApplyCoarse,0,0.,0.,0.,0.,0.
Main Stage,PCApplyMultiple,0,0.,0.,0.,0.,0.
Main Stage,PCApplySymmLeft,0,0.,0.,0.,0.,0.
Main Stage,PCApplySymmRight,0,0.,0.,0.,0.,0.
Main Stage,PCModifySubMatri,0,0.,0.,0.,0.,0.
Main Stage,PCPATCHCreate,0,0.,0.,0.,0.,0.
Main Stage,PCPATCHComputeOp,0,0.,0.,0.,0.,0.
Main Stage,PCPATCHSolve,0,0.,0.,0.,0.,0.
Main Stage,PCPATCHApply,0,0.,0.,0.,0.,0.
Main Stage,PCPATCHScatter,0,0.,0.,0.,0.,0.
Main Stage,PCPATCHPrealloc,0,0.,0.,0.,0.,0.
Main Stage,KSPSolve_FS_0,0,0.,0.,0.,0.,0.
Main Stage,KSPSolve_FS_1,0,0.,0.,0.,0.,0.
Main Stage,KSPSolve_FS_2,0,0.,0.,0.,0.,0.
Main Stage,KSPSolve_FS_3,0,0.,0.,0.,0.,0.
Main Stage,KSPSolve_FS_4,0,0.,0.,0.,0.,0.
Main Stage,KSPSolve_FS_Schu,0,0.,0.,0.,0.,0.
Main Stage,KSPSolve_FS_Up,0,0.,0.,0.,0.,0.
Main Stage,KSPSolve_FS_Low,0,0.,0.,0.,0.,0.
DM and Vector Setup Stage,summary,0,0.47705,0.,0.,0.,2000.
DM and Vector Setup Stage,PetscBarrier,0,0.,0.,0.,0.,0.
DM and Vector Setup Stage,BuildTwoSided,0,0.,0.,0.,0.,0.
DM and Vector Setup Stage,BuildTwoSidedF,0,0.,0.,0.,0.,0.
DM and Vector Setup Stage,DMConvert,0,0.,0.,0.,0.,0.
DM and Vector Setup Stage,DMGlobalToLocal,0,0.,0.,0.,0.,0.
DM and Vector Setup Stage,DMLocalToGlobal,0,0.,0.,0.,0.,0.
DM and Vector Setup Stage,DMLocatePoints,0,0.,0.,0.,0.,0.
DM and Vector Setup Stage,DMCoarsen,0,0.,0.,0.,0.,0.
DM and Vector Setup Stage,DMCreateInterp,0,0.,0.,0.,0.,0.
DM and Vector Setup Stage,DMCreateRestrict,0,0.,0.,0.,0.,0.
DM and Vector Setup Stage,DMCreateInject,0,0.,0.,0.,0.,0.
DM and Vector Setup Stage,DMCreateMat,0,0.,0.,0.,0.,0.
DM and Vector Setup Stage,Mesh Partition,0,0.,0.,0.,0.,0.
DM and Vector Setup Stage,Mesh Migration,0,0.,0.,0.,0.,0.
DM and Vector Setup Stage,DMPlexPartSelf,0,0.,0.,0.,0.,0.
DM and Vector Setup Stage,DMPlexPartLblInv,0,0.,0.,0.,0.,0.
DM and Vector Setup Stage,DMPlexPartLblSF,0,0.,0.,0.,0.,0.
DM and Vector Setup Stage,DMPlexPartStrtSF,0,0.,0.,0.,0.,0.
DM and Vector Setup Stage,DMPlexPointSF,0,0.,0.,0.,0.,0.
DM and Vector Setup Stage,DMPlexInterp,0,0.111403,0.,0.,0.,0.
DM and Vector Setup Stage,DMPlexDistribute,0,0.,0.,0.,0.,0.
DM and Vector Setup Stage,DMPlexDistCones,0,0.,0.,0.,0.,0.
DM and Vector Setup Stage,DMPlexDistLabels,0,0.,0.,0.,0.,0.
DM and Vector Setup Stage,DMPlexDistSF,0,0.,0.,0.,0.,0.
DM and Vector Setup Stage,DMPlexDistOvrlp,0,0.,0.,0.,0.,0.
DM and Vector Setup Stage,DMPlexDistField,0,0.,0.,0.,0.,0.
DM and Vector Setup Stage,DMPlexDistData,0,0.,0.,0.,0.,0.
DM and Vector Setup Stage,DMPlexInterpSF,0,0.,0.,0.,0.,0.
DM and Vector Setup Stage,DMPlexGToNBegin,0,0.,0.,0.,0.,0.
DM and Vector Setup Stage,DMPlexGToNEnd,0,0.,0.,0.,0.,0.
DM and Vector Setup Stage,DMPlexNToGBegin,0,0.,0.,0.,0.,0.
DM and Vector Setup Stage,DMPlexNToGEnd,0,0.,0.,0.,0.,0.
DM and Vector Setup Stage,DMPlexStratify,0,0.0210631,0.,0.,0.,0.
DM and Vector Setup Stage,DMPlexSymmetrize,0,0.0208468,0.,0.,0.,0.
DM and Vector Setup Stage,DMPlexPrealloc,0,0.,0.,0.,0.,0.
DM and Vector Setup Stage,DMPlexResidualFE,0,0.,0.,0.,0.,0.
DM and Vector Setup Stage,DMPlexJacobianFE,0,0.,0.,0.,0.,0.
DM and Vector Setup Stage,DMPlexInterpFE,0,0.,0.,0.,0.,0.
DM and Vector Setup Stage,DMPlexInjectorFE,0,0.,0.,0.,0.,0.
DM and Vector Setup Stage,DMPlexIntegralFEM,0,0.,0.,0.,0.,0.
DM and Vector Setup Stage,DMPlexCreateGmsh,0,0.,0.,0.,0.,0.
DM and Vector Setup Stage,DMPlexRebalance,0,0.,0.,0.,0.,0.
DM and Vector Setup Stage,DMSwarmMigrate,0,0.,0.,0.,0.,0.
DM and Vector Setup Stage,DMSwarmDETSetup,0,0.,0.,0.,0.,0.
DM and Vector Setup Stage,DMSwarmDExBegin,0,0.,0.,0.,0.,0.
DM and Vector Setup Stage,DMSwarmDExEnd,0,0.,0.,0.,0.,0.
DM and Vector Setup Stage,DMSwarmDESendCnt,0,0.,0.,0.,0.,0.
DM and Vector Setup Stage,DMSwarmDEPack,0,0.,0.,0.,0.,0.
DM and Vector Setup Stage,DMSwarmAddPnts,0,0.,0.,0.,0.,0.
DM and Vector Setup Stage,DMSwarmRmvPnts,0,0.,0.,0.,0.,0.
DM and Vector Setup Stage,DMSwarmSort,0,0.,0.,0.,0.,0.
DM and Vector Setup Stage,DMSwarmSetSizes,0,0.,0.,0.,0.,0.
DM and Vector Setup Stage,SFSetGraph,0,0.,0.,0.,0.,0.
DM and Vector Setup Stage,SFSetUp,0,0.,0.,0.,0.,0.
DM and Vector Setup Stage,SFBcastBegin,0,0.,0.,0.,0.,0.
DM and Vector Setup Stage,SFBcastEnd,0,0.,0.,0.,0.,0.
DM and Vector Setup Stage,SFBcastOpBegin,0,0.,0.,0.,0.,0.
DM and Vector Setup Stage,SFBcastOpEnd,0,0.,0.,0.,0.,0.
DM and Vector Setup Stage,SFReduceBegin,0,0.,0.,0.,0.,0.
DM and Vector Setup Stage,SFReduceEnd,0,0.,0.,0.,0.,0.
DM and Vector Setup Stage,SFFetchOpBegin,0,0.,0.,0.,0.,0.
DM and Vector Setup Stage,SFFetchOpEnd,0,0.,0.,0.,0.,0.
DM and Vector Setup Stage,SFCreateEmbed,0,0.,0.,0.,0.,0.
DM and Vector Setup Stage,SFDistSection,0,0.,0.,0.,0.,0.
DM and Vector Setup Stage,SFSectionSF,0,0.,0.,0.,0.,0.
DM and Vector Setup Stage,SFRemoteOff,0,0.,0.,0.,0.,0.
DM and Vector Setup Stage,MatMult MF,0,0.,0.,0.,0.,0.
DM and Vector Setup Stage,MatMult,0,0.,0.,0.,0.,0.
DM and Vector Setup Stage,MatMults,0,0.,0.,0.,0.,0.
DM and Vector Setup Stage,MatMultConstr,0,0.,0.,0.,0.,0.
DM and Vector Setup Stage,MatMultAdd,0,0.,0.,0.,0.,0.
DM and Vector Setup Stage,MatMultTranspose,0,0.,0.,0.,0.,0.
DM and Vector Setup Stage,MatMultTrConstr,0,0.,0.,0.,0.,0.
DM and Vector Setup Stage,MatMultTrAdd,0,0.,0.,0.,0.,0.
DM and Vector Setup Stage,MatSolve,0,0.,0.,0.,0.,0.
DM and Vector Setup Stage,MatSolves,0,0.,0.,0.,0.,0.
DM and Vector Setup Stage,MatSolveAdd,0,0.,0.,0.,0.,0.
DM and Vector Setup Stage,MatSolveTranspos,0,0.,0.,0.,0.,0.
DM and Vector Setup Stage,MatSolveTrAdd,0,0.,0.,0.,0.,0.
DM and Vector Setup Stage,MatSOR,0,0.,0.,0.,0.,0.
DM and Vector Setup Stage,MatForwardSolve,0,0.,0.,0.,0.,0.
DM and Vector Setup Stage,MatBackwardSolve,0,0.,0.,0.,0.,0.
DM and Vector Setup Stage,MatLUFactor,0,0.,0.,0.,0.,0.
DM and Vector Setup Stage,MatLUFactorSym,0,0.,0.,0.,0.,0.
DM and Vector Setup Stage,MatLUFactorNum,0,0.,0.,0.,0.,0.
DM and Vector Setup Stage,MatCholeskyFctr,0,0.,0.,0.,0.,0.
DM and Vector Setup Stage,MatCholFctrSym,0,0.,0.,0.,0.,0.
DM and Vector Setup Stage,MatCholFctrNum,0,0.,0.,0.,0.,0.
DM and Vector Setup Stage,MatFctrFactSchur,0,0.,0.,0.,0.,0.
DM and Vector Setup Stage,MatFctrInvSchur,0,0.,0.,0.,0.,0.
DM and Vector Setup Stage,MatILUFactor,0,0.,0.,0.,0.,0.
DM and Vector Setup Stage,MatILUFactorSym,0,0.,0.,0.,0.,0.
DM and Vector Setup Stage,MatICCFactorSym,0,0.,0.,0.,0.,0.
DM and Vector Setup Stage,MatCopy,0,0.,0.,0.,0.,0.
DM and Vector Setup Stage,MatConvert,0,0.,0.,0.,0.,0.
DM and Vector Setup Stage,MatScale,0,0.,0.,0.,0.,0.
DM and Vector Setup Stage,MatResidual,0,0.,0.,0.,0.,0.
DM and Vector Setup Stage,MatAssemblyBegin,0,0.,0.,0.,0.,0.
DM and Vector Setup Stage,MatAssemblyEnd,0,0.,0.,0.,0.,0.
DM and Vector Setup Stage,MatSetValues,0,0.,0.,0.,0.,0.
DM and Vector Setup Stage,MatGetValues,0,0.,0.,0.,0.,0.
DM and Vector Setup Stage,MatGetRow,0,0.,0.,0.,0.,0.
DM and Vector Setup Stage,MatGetRowIJ,0,0.,0.,0.,0.,0.
DM and Vector Setup Stage,MatCreateSubMats,0,0.,0.,0.,0.,0.
DM and Vector Setup Stage,MatCreateSubMat,0,0.,0.,0.,0.,0.
DM and Vector Setup Stage,MatGetOrdering,0,0.,0.,0.,0.,0.
DM and Vector Setup Stage,MatIncreaseOvrlp,0,0.,0.,0.,0.,0.
DM and Vector Setup Stage,MatPartitioning,0,0.,0.,0.,0.,0.
DM and Vector Setup Stage,MatPartitioningND,0,0.,0.,0.,0.,0.
DM and Vector Setup Stage,MatCoarsen,0,0.,0.,0.,0.,0.
DM and Vector Setup Stage,MatZeroEntries,0,0.,0.,0.,0.,0.
DM and Vector Setup Stage,MatLoad,0,0.,0.,0.,0.,0.
DM and Vector Setup Stage,MatView,0,0.,0.,0.,0.,0.
DM and Vector Setup Stage,MatAXPY,0,0.,0.,0.,0.,0.
DM and Vector Setup Stage,MatFDColorCreate,0,0.,0.,0.,0.,0.
DM and Vector Setup Stage,MatFDColorSetUp,0,0.,0.,0.,0.,0.
DM and Vector Setup Stage,MatFDColorApply,0,0.,0.,0.,0.,0.
DM and Vector Setup Stage,MatFDColorFunc,0,0.,0.,0.,0.,0.
DM and Vector Setup Stage,MatTranspose,0,0.,0.,0.,0.,0.
DM and Vector Setup Stage,MatMatMult,0,0.,0.,0.,0.,0.
DM and Vector Setup Stage,MatMatSolve,0,0.,0.,0.,0.,0.
DM and Vector Setup Stage,MatMatTrSolve,0,0.,0.,0.,0.,0.
DM and Vector Setup Stage,MatMatMultSym,0,0.,0.,0.,0.,0.
DM and Vector Setup Stage,MatMatMultNum,0,0.,0.,0.,0.,0.
DM and Vector Setup Stage,MatMatMatMult,0,0.,0.,0.,0.,0.
DM and Vector Setup Stage,MatMatMatMultSym,0,0.,0.,0.,0.,0.
DM and Vector Setup Stage,MatMatMatMultNum,0,0.,0.,0.,0.,0.
DM and Vector Setup Stage,MatPtAP,0,0.,0.,0.,0.,0.
DM and Vector Setup Stage,MatPtAPSymbolic,0,0.,0.,0.,0.,0.
DM and Vector Setup Stage,MatPtAPNumeric,0,0.,0.,0.,0.,0.
DM and Vector Setup Stage,MatRARt,0,0.,0.,0.,0.,0.
DM and Vector Setup Stage,MatRARtSym,0,0.,0.,0.,0.,0.
DM and Vector Setup Stage,MatRARtNum,0,0.,0.,0.,0.,0.
DM and Vector Setup Stage,MatMatTransMult,0,0.,0.,0.,0.,0.
DM and Vector Setup Stage,MatMatTrnMultSym,0,0.,0.,0.,0.,0.
DM and Vector Setup Stage,MatMatTrnMultNum,0,0.,0.,0.,0.,0.
DM and Vector Setup Stage,MatTrnMatMult,0,0.,0.,0.,0.,0.
DM and Vector Setup Stage,MatTrnMatMultSym,0,0.,0.,0.,0.,0.
DM and Vector Setup Stage,MatTrnMatMultNum,0,0.,0.,0.,0.,0.
DM and Vector Setup Stage,MatTrnColorCreate,0,0.,0.,0.,0.,0.
DM and Vector Setup Stage,MatRedundantMat,0,0.,0.,0.,0.,0.
DM and Vector Setup Stage,MatGetSeqNZStrct,0,0.,0.,0.,0.,0.
DM and Vector Setup Stage,MatGetMultiProcB,0,0.,0.,0.,0.,0.
DM and Vector Setup Stage,MatSetRandom,0,0.,0.,0.,0.,0.
DM and Vector Setup Stage,MatMPISumSeqNumeric,0,0.,0.,0.,0.,0.
DM and Vector Setup Stage,MatMPISumSeqSymbolic,0,0.,0.,0.,0.,0.
DM and Vector Setup Stage,MatMPISumSeq,0,0.,0.,0.,0.,0.
DM and Vector Setup Stage,MatMPIConcateSeq,0,0.,0.,0.,0.,0.
DM and Vector Setup Stage,MatGetLocalMat,0,0.,0.,0.,0.,0.
DM and Vector Setup Stage,MatGetLocalMatCondensed,0,0.,0.,0.,0.,0.
DM and Vector Setup Stage,MatGetBrowsOfAcols,0,0.,0.,0.,0.,0.
DM and Vector Setup Stage,MatGetBrAoCol,0,0.,0.,0.,0.,0.
DM and Vector Setup Stage,MatApplyPAPt_Symbolic,0,0.,0.,0.,0.,0.
DM and Vector Setup Stage,MatApplyPAPt_Numeric,0,0.,0.,0.,0.,0.
DM and Vector Setup Stage,MatApplyPAPt,0,0.,0.,0.,0.,0.
DM and Vector Setup Stage,MatGetSymTrans,0,0.,0.,0.,0.,0.
DM and Vector Setup Stage,MatGetSymTransR,0,0.,0.,0.,0.,0.
DM and Vector Setup Stage,MatCUSPARSCopyTo,0,0.,0.,0.,0.,0.
DM and Vector Setup Stage,MatVCLCopyTo,0,0.,0.,0.,0.,0.
DM and Vector Setup Stage,MatDenseCopyTo,0,0.,0.,0.,0.,0.
DM and Vector Setup Stage,MatDenseCopyFrom,0,0.,0.,0.,0.,0.
DM and Vector Setup Stage,MatSetValBatch,0,0.,0.,0.,0.,0.
DM and Vector Setup Stage,MatColoringApply,0,0.,0.,0.,0.,0.
DM and Vector Setup Stage,MatColoringComm,0,0.,0.,0.,0.,0.
DM and Vector Setup Stage,MatColoringLocal,0,0.,0.,0.,0.,0.
DM and Vector Setup Stage,MatColoringIS,0,0.,0.,0.,0.,0.
DM and Vector Setup Stage,MatColoringSetUp,0,0.,0.,0.,0.,0.
DM and Vector Setup Stage,MatColoringWeights,0,0.,0.,0.,0.,0.
DM and Vector Setup Stage,VecView,0,0.,0.,0.,0.,0.
DM and Vector Setup Stage,VecMax,0,0.,0.,0.,0.,0.
DM and Vector Setup Stage,VecMin,0,0.,0.,0.,0.,0.
DM and Vector Setup Stage,VecDot,0,0.,0.,0.,0.,0.
DM and Vector Setup Stage,VecDotNorm2,0,0.,0.,0.,0.,0.
DM and Vector Setup Stage,VecMDot,0,0.,0.,0.,0.,0.
DM and Vector Setup Stage,VecTDot,0,0.,0.,0.,0.,0.
DM and Vector Setup Stage,VecMTDot,0,0.,0.,0.,0.,0.
DM and Vector Setup Stage,VecNorm,0,0.,0.,0.,0.,0.
DM and Vector Setup Stage,VecScale,0,0.,0.,0.,0.,0.
DM and Vector Setup Stage,VecCopy,0,0.,0.,0.,0.,0.
DM and Vector Setup Stage,VecSet,0,0.000158787,0.,0.,0.,0.
DM and Vector Setup Stage,VecAXPY,0,0.,0.,0.,0.,0.
DM and Vector Setup Stage,VecAYPX,0,0.,0.,0.,0.,0.
DM and Vector Setup Stage,VecAXPBYCZ,0,0.,0.,0.,0.,0.
DM and Vector Setup Stage,VecWAXPY,0,0.,0.,0.,0.,0.
DM and Vector Setup Stage,VecMAXPY,0,0.,0.,0.,0.,0.
DM and Vector Setup Stage,VecSwap,0,0.,0.,0.,0.,0.
DM and Vector Setup Stage,VecOps,0,0.,0.,0.,0.,0.
DM and Vector Setup Stage,VecAssemblyBegin,0,0.,0.,0.,0.,0.
DM and Vector Setup Stage,VecAssemblyEnd,0,0.,0.,0.,0.,0.
DM and Vector Setup Stage,VecPointwiseMult,0,0.,0.,0.,0.,0.
DM and Vector Setup Stage,VecSetValues,0,0.,0.,0.,0.,0.
DM and Vector Setup Stage,VecLoad,0,0.,0.,0.,0.,0.
DM and Vector Setup Stage,VecScatterBegin,0,0.,0.,0.,0.,0.
DM and Vector Setup Stage,VecScatterEnd  ,0,0.,0.,0.,0.,0.
DM and Vector Setup Stage,VecSetRandom,0,0.,0.,0.,0.,0.
DM and Vector Setup Stage,VecReduceArith,0,0.,0.,0.,0.,0.
DM and Vector Setup Stage,VecReduceComm,0,0.,0.,0.,0.,0.
DM and Vector Setup Stage,VecReduceBegin,0,0.,0.,0.,0.,0.
DM and Vector Setup Stage,VecReduceEnd,0,0.,0.,0.,0.,0.
DM and Vector Setup Stage,VecNormalize,0,0.,0.,0.,0.,0.
DM and Vector Setup Stage,SNESSolve,0,0.,0.,0.,0.,0.
DM and Vector Setup Stage,SNESSetUp,0,0.,0.,0.,0.,0.
DM and Vector Setup Stage,SNESFunctionEval,0,0.,0.,0.,0.,0.
DM and Vector Setup Stage,SNESObjectiveEval,0,0.,0.,0.,0.,0.
DM and Vector Setup Stage,SNESNGSEval,0,0.,0.,0.,0.,0.
DM and Vector Setup Stage,SNESNGSFuncEval,0,0.,0.,0.,0.,0.
DM and Vector Setup Stage,SNESJacobianEval,0,0.,0.,0.,0.,0.
DM and Vector Setup Stage,SNESNPCSolve,0,0.,0.,0.,0.,0.
DM and Vector Setup Stage,SNESLineSearch,0,0.,0.,0.,0.,0.
DM and Vector Setup Stage,KSPSetUp,0,0.,0.,0.,0.,0.
DM and Vector Setup Stage,KSPSolve,0,0.,0.,0.,0.,0.
DM and Vector Setup Stage,KSPGMRESOrthog,0,0.,0.,0.,0.,0.
DM and Vector Setup Stage,KSPSolveTranspos,0,0.,0.,0.,0.,0.
DM and Vector Setup Stage,PCGAMGGraph_AGG,0,0.,0.,0.,0.,0.
DM and Vector Setup Stage,PCGAMGGraph_GEO,0,0.,0.,0.,0.,0.
DM and Vector Setup Stage,PCGAMGCoarse_AGG,0,0.,0.,0.,0.,0.
DM and Vector Setup Stage,PCGAMGCoarse_GEO,0,0.,0.,0.,0.,0.
DM and Vector Setup Stage,PCGAMGProl_AGG,0,0.,0.,0.,0.,0.
DM and Vector Setup Stage,PCGAMGProl_GEO,0,0.,0.,0.,0.,0.
DM and Vector Setup Stage,PCGAMGPOpt_AGG,0,0.,0.,0.,0.,0.
DM and Vector Setup Stage,GAMG: createProl,0,0.,0.,0.,0.,0.
DM and Vector Setup Stage,  Graph,0,0.,0.,0.,0.,0.
DM and Vector Setup Stage,  MIS/Agg,0,0.,0.,0.,0.,0.
DM and Vector Setup Stage,  geo: growSupp,0,0.,0.,0.,0.,0.
DM and Vector Setup Stage,  geo: triangle,0,0.,0.,0.,0.,0.
DM and Vector Setup Stage,    search-set,0,0.,0.,0.,0.,0.
DM and Vector Setup Stage,  SA: col data,0,0.,0.,0.,0.,0.
DM and Vector Setup Stage,  SA: frmProl0,0,0.,0.,0.,0.,0.
DM and Vector Setup Stage,  SA: smooth,0,0.,0.,0.,0.,0.
DM and Vector Setup Stage,GAMG: partLevel,0,0.,0.,0.,0.,0.
DM and Vector Setup Stage,  repartition,0,0.,0.,0.,0.,0.
DM and Vector Setup Stage,  Invert-Sort,0,0.,0.,0.,0.,0.
DM and Vector Setup Stage,  Move A,0,0.,0.,0.,0.,0.
DM and Vector Setup Stage,  Move P,0,0.,0.,0.,0.,0.
DM and Vector Setup Stage,PCBDDCTopo,0,0.,0.,0.,0.,0.
DM and Vector Setup Stage,PCBDDCLKSP,0,0.,0.,0.,0.,0.
DM and Vector Setup Stage,PCBDDCLWor,0,0.,0.,0.,0.,0.
DM and Vector Setup Stage,PCBDDCCorr,0,0.,0.,0.,0.,0.
DM and Vector Setup Stage,PCBDDCASet,0,0.,0.,0.,0.,0.
DM and Vector Setup Stage,PCBDDCAApp,0,0.,0.,0.,0.,0.
DM and Vector Setup Stage,PCBDDCCSet,0,0.,0.,0.,0.,0.
DM and Vector Setup Stage,PCBDDCCKSP,0,0.,0.,0.,0.,0.
DM and Vector Setup Stage,PCBDDCAdap,0,0.,0.,0.,0.,0.
DM and Vector Setup Stage,PCBDDCScal,0,0.,0.,0.,0.,0.
DM and Vector Setup Stage,PCBDDCSchr,0,0.,0.,0.,0.,0.
DM and Vector Setup Stage,PCBDDCTopo l01,0,0.,0.,0.,0.,0.
DM and Vector Setup Stage,PCBDDCLKSP l01,0,0.,0.,0.,0.,0.
DM and Vector Setup Stage,PCBDDCLWor l01,0,0.,0.,0.,0.,0.
DM and Vector Setup Stage,PCBDDCCorr l01,0,0.,0.,0.,0.,0.
DM and Vector Setup Stage,PCBDDCASet l01,0,0.,0.,0.,0.,0.
DM and Vector Setup Stage,PCBDDCAApp l01,0,0.,0.,0.,0.,0.
DM and Vector Setup Stage,PCBDDCCSet l01,0,0.,0.,0.,0.,0.
DM and Vector Setup Stage,PCBDDCCKSP l01,0,0.,0.,0.,0.,0.
DM and Vector Setup Stage,PCBDDCAdap l01,0,0.,0.,0.,0.,0.
DM and Vector Setup Stage,PCBDDCScal l01,0,0.,0.,0.,0.,0.
DM and Vector Setup Stage,PCBDDCSchr l01,0,0.,0.,0.,0.,0.
DM and Vector Setup Stage,PCBDDCTopo l02,0,0.,0.,0.,0.,0.
DM and Vector Setup Stage,PCBDDCLKSP l02,0,0.,0.,0.,0.,0.
DM and Vector Setup Stage,PCBDDCLWor l02,0,0.,0.,0.,0.,0.
DM and Vector Setup Stage,PCBDDCCorr l02,0,0.,0.,0.,0.,0.
DM and Vector Setup Stage,PCBDDCASet l02,0,0.,0.,0.,0.,0.
DM and Vector Setup Stage,PCBDDCAApp l02,0,0.,0.,0.,0.,0.
DM and Vector Setup Stage,PCBDDCCSet l02,0,0.,0.,0.,0.,0.
DM and Vector Setup Stage,PCBDDCCKSP l02,0,0.,0.,0.,0.,0.
DM and Vector Setup Stage,PCBDDCAdap l02,0,0.,0.,0.,0.,0.
DM and Vector Setup Stage,PCBDDCScal l02,0,0.,0.,0.,0.,0.
DM and Vector Setup Stage,PCBDDCSchr l02,0,0.,0.,0.,0.,0.
DM and Vector Setup Stage,PCBDDCTopo l03,0,0.,0.,0.,0.,0.
DM and Vector Setup Stage,PCBDDCLKSP l03,0,0.,0.,0.,0.,0.
DM and Vector Setup Stage,PCBDDCLWor l03,0,0.,0.,0.,0.,0.
DM and Vector Setup Stage,PCBDDCCorr l03,0,0.,0.,0.,0.,0.
DM and Vector Setup Stage,PCBDDCASet l03,0,0.,0.,0.,0.,0.
DM and Vector Setup Stage,PCBDDCAApp l03,0,0.,0.,0.,0.,0.
DM and Vector Setup Stage,PCBDDCCSet l03,0,0.,0.,0.,0.,0.
DM and Vector Setup Stage,PCBDDCCKSP l03,0,0.,0.,0.,0.,0.
DM and Vector Setup Stage,PCBDDCAdap l03,0,0.,0.,0.,0.,0.
DM and Vector Setup Stage,PCBDDCScal l03,0,0.,0.,0.,0.,0.
DM and Vector Setup Stage,PCBDDCSchr l03,0,0.,0.,0.,0.,0.
DM and Vector Setup Stage,PCBDDCTopo l04,0,0.,0.,0.,0.,0.
DM and Vector Setup Stage,PCBDDCLKSP l04,0,0.,0.,0.,0.,0.
DM and Vector Setup Stage,PCBDDCLWor l04,0,0.,0.,0.,0.,0.
DM and Vector Setup Stage,PCBDDCCorr l04,0,0.,0.,0.,0.,0.
DM and Vector Setup Stage,PCBDDCASet l04,0,0.,0.,0.,0.,0.
DM and Vector Setup Stage,PCBDDCAApp l04,0,0.,0.,0.,0.,0.
DM and Vector Setup Stage,PCBDDCCSet l04,0,0.,0.,0.,0.,0.
DM and Vector Setup Stage,PCBDDCCKSP l04,0,0.,0.,0.,0.,0.
DM and Vector Setup Stage,PCBDDCAdap l04,0,0.,0.,0.,0.,0.
DM and Vector Setup Stage,PCBDDCScal l04,0,0.,0.,0.,0.,0.
DM and Vector Setup Stage,PCBDDCSchr l04,0,0.,0.,0.,0.,0.
DM and Vector Setup Stage,PCBDDCTopo l05,0,0.,0.,0.,0.,0.
DM and Vector Setup Stage,PCBDDCLKSP l05,0,0.,0.,0.,0.,0.
DM and Vector Setup Stage,PCBDDCLWor l05,0,0.,0.,0.,0.,0.
DM and Vector Setup Stage,PCBDDCCorr l05,0,0.,0.,0.,0.,0.
DM and Vector Setup Stage,PCBDDCASet l05,0,0.,0.,0.,0.,0.
DM and Vector Setup Stage,PCBDDCAApp l05,0,0.,0.,0.,0.,0.
DM and Vector Setup Stage,PCBDDCCSet l05,0,0.,0.,0.,0.,0.
DM and Vector Setup Stage,PCBDDCCKSP l05,0,0.,0.,0.,0.,0.
DM and Vector Setup Stage,PCBDDCAdap l05,0,0.,0.,0.,0.,0.
DM and Vector Setup Stage,PCBDDCScal l05,0,0.,0.,0.,0.,0.
DM and Vector Setup Stage,PCBDDCSchr l05,0,0.,0.,0.,0.,0.
DM and Vector Setup Stage,PCBDDCTopo l06,0,0.,0.,0.,0.,0.
DM and Vector Setup Stage,PCBDDCLKSP l06,0,0.,0.,0.,0.,0.
DM and Vector Setup Stage,PCBDDCLWor l06,0,0.,0.,0.,0.,0.
DM and Vector Setup Stage,PCBDDCCorr l06,0,0.,0.,0.,0.,0.
DM and Vector Setup Stage,PCBDDCASet l06,0,0.,0.,0.,0.,0.
DM and Vector Setup Stage,PCBDDCAApp l06,0,0.,0.,0.,0.,0.
DM and Vector Setup Stage,PCBDDCCSet l06,0,0.,0.,0.,0.,0.
DM and Vector Setup Stage,PCBDDCCKSP l06,0,0.,0.,0.,0.,0.
DM and Vector Setup Stage,PCBDDCAdap l06,0,0.,0.,0.,0.,0.
DM and Vector Setup Stage,PCBDDCScal l06,0,0.,0.,0.,0.,0.
DM and Vector Setup Stage,PCBDDCSchr l06,0,0.,0.,0.,0.,0.
DM and Vector Setup Stage,PCBDDCTopo l07,0,0.,0.,0.,0.,0.
DM and Vector Setup Stage,PCBDDCLKSP l07,0,0.,0.,0.,0.,0.
DM and Vector Setup Stage,PCBDDCLWor l07,0,0.,0.,0.,0.,0.
DM and Vector Setup Stage,PCBDDCCorr l07,0,0.,0.,0.,0.,0.
DM and Vector Setup Stage,PCBDDCASet l07,0,0.,0.,0.,0.,0.
DM and Vector Setup Stage,PCBDDCAApp l07,0,0.,0.,0.,0.,0.
DM and Vector Setup Stage,PCBDDCCSet l07,0,0.,0.,0.,0.,0.
DM and Vector Setup Stage,PCBDDCCKSP l07,0,0.,0.,0.,0.,0.
DM and Vector Setup Stage,PCBDDCAdap l07,0,0.,0.,0.,0.,0.
DM and Vector Setup Stage,PCBDDCScal l07,0,0.,0.,0.,0.,0.
DM and Vector Setup Stage,PCBDDCSchr l07,0,0.,0.,0.,0.,0.
DM and Vector Setup Stage,PCSetUp,0,0.,0.,0.,0.,0.
DM and Vector Setup Stage,PCSetUpOnBlocks,0,0.,0.,0.,0.,0.
DM and Vector Setup Stage,PCApply,0,0.,0.,0.,0.,0.
DM and Vector Setup Stage,PCApplyOnBlocks,0,0.,0.,0.,0.,0.
DM and Vector Setup Stage,PCApplyCoarse,0,0.,0.,0.,0.,0.
DM and Vector Setup Stage,PCApplyMultiple,0,0.,0.,0.,0.,0.
DM and Vector Setup Stage,PCApplySymmLeft,0,0.,0.,0.,0.,0.
DM and Vector Setup Stage,PCApplySymmRight,0,0.,0.,0.,0.,0.
DM and Vector Setup Stage,PCModifySubMatri,0,0.,0.,0.,0.,0.
DM and Vector Setup Stage,PCPATCHCreate,0,0.,0.,0.,0.,0.
DM and Vector Setup Stage,PCPATCHComputeOp,0,0.,0.,0.,0.,0.
DM and Vector Setup Stage,PCPATCHSolve,0,0.,0.,0.,0.,0.
DM and Vector Setup Stage,PCPATCHApply,0,0.,0.,0.,0.,0.
DM and Vector Setup Stage,PCPATCHScatter,0,0.,0.,0.,0.,0.
DM and Vector Setup Stage,PCPATCHPrealloc,0,0.,0.,0.,0.,0.
DM and Vector Setup Stage,KSPSolve_FS_0,0,0.,0.,0.,0.,0.
DM and Vector Setup Stage,KSPSolve_FS_1,0,0.,0.,0.,0.,0.
DM and Vector Setup Stage,KSPSolve_FS_2,0,0.,0.,0.,0.,0.
DM and Vector Setup Stage,KSPSolve_FS_3,0,0.,0.,0.,0.,0.
DM and Vector Setup Stage,KSPSolve_FS_4,0,0.,0.,0.,0.,0.
DM and Vector Setup Stage,KSPSolve_FS_Schu,0,0.,0.,0.,0.,0.
DM and Vector Setup Stage,KSPSolve_FS_Up,0,0.,0.,0.,0.,0.
DM and Vector Setup Stage,KSPSolve_FS_Low,0,0.,0.,0.,0.,0.
libCEED Setup Stage,summary,0,0.261024,0.,0.,0.,0.
libCEED Setup Stage,PetscBarrier,0,0.,0.,0.,0.,0.
libCEED Setup Stage,BuildTwoSided,0,0.,0.,0.,0.,0.
libCEED Setup Stage,BuildTwoSidedF,0,0.,0.,0.,0.,0.
libCEED Setup Stage,DMConvert,0,0.,0.,0.,0.,0.
libCEED Setup Stage,DMGlobalToLocal,0,0.,0.,0.,0.,0.
libCEED Setup Stage,DMLocalToGlobal,0,0.,0.,0.,0.,0.
libCEED Setup Stage,DMLocatePoints,0,0.,0.,0.,0.,0.
libCEED Setup Stage,DMCoarsen,0,0.,0.,0.,0.,0.
libCEED Setup Stage,DMCreateInterp,0,0.,0.,0.,0.,0.
libCEED Setup Stage,DMCreateRestrict,0,0.,0.,0.,0.,0.
libCEED Setup Stage,DMCreateInject,0,0.,0.,0.,0.,0.
libCEED Setup Stage,DMCreateMat,0,0.,0.,0.,0.,0.
libCEED Setup Stage,Mesh Partition,0,0.,0.,0.,0.,0.
libCEED Setup Stage,Mesh Migration,0,0.,0.,0.,0.,0.
libCEED Setup Stage,DMPlexPartSelf,0,0.,0.,0.,0.,0.
libCEED Setup Stage,DMPlexPartLblInv,0,0.,0.,0.,0.,0.
libCEED Setup Stage,DMPlexPartLblSF,0,0.,0.,0.,0.,0.
libCEED Setup Stage,DMPlexPartStrtSF,0,0.,0.,0.,0.,0.
libCEED Setup Stage,DMPlexPointSF,0,0.,0.,0.,0.,0.
libCEED Setup Stage,DMPlexInterp,0,0.,0.,0.,0.,0.
libCEED Setup Stage,DMPlexDistribute,0,0.,0.,0.,0.,0.
libCEED Setup Stage,DMPlexDistCones,0,0.,0.,0.,0.,0.
libCEED Setup Stage,DMPlexDistLabels,0,0.,0.,0.,0.,0.
libCEED Setup Stage,DMPlexDistSF,0,0.,0.,0.,0.,0.
libCEED Setup Stage,DMPlexDistOvrlp,0,0.,0.,0.,0.,0.
libCEED Setup Stage,DMPlexDistField,0,0.,0.,0.,0.,0.
libCEED Setup Stage,DMPlexDistData,0,0.,0.,0.,0.,0.
libCEED Setup Stage,DMPlexInterpSF,0,0.,0.,0.,0.,0.
libCEED Setup Stage,DMPlexGToNBegin,0,0.,0.,0.,0.,0.
libCEED Setup Stage,DMPlexGToNEnd,0,0.,0.,0.,0.,0.
libCEED Setup Stage,DMPlexNToGBegin,0,0.,0.,0.,0.,0.
libCEED Setup Stage,DMPlexNToGEnd,0,0.,0.,0.,0.,0.
libCEED Setup Stage,DMPlexStratify,0,0.,0.,0.,0.,0.
libCEED Setup Stage,DMPlexSymmetrize,0,0.,0.,0.,0.,0.
libCEED Setup Stage,DMPlexPrealloc,0,0.,0.,0.,0.,0.
libCEED Setup Stage,DMPlexResidualFE,0,0.,0.,0.,0.,0.
libCEED Setup Stage,DMPlexJacobianFE,0,0.,0.,0.,0.,0.
libCEED Setup Stage,DMPlexInterpFE,0,0.,0.,0.,0.,0.
libCEED Setup Stage,DMPlexInjectorFE,0,0.,0.,0.,0.,0.
libCEED Setup Stage,DMPlexIntegralFEM,0,0.,0.,0.,0.,0.
libCEED Setup Stage,DMPlexCreateGmsh,0,0.,0.,0.,0.,0.
libCEED Setup Stage,DMPlexRebalance,0,0.,0.,0.,0.,0.
libCEED Setup Stage,DMSwarmMigrate,0,0.,0.,0.,0.,0.
libCEED Setup Stage,DMSwarmDETSetup,0,0.,0.,0.,0.,0.
libCEED Setup Stage,DMSwarmDExBegin,0,0.,0.,0.,0.,0.
libCEED Setup Stage,DMSwarmDExEnd,0,0.,0.,0.,0.,0.
libCEED Setup Stage,DMSwarmDESendCnt,0,0.,0.,0.,0.,0.
libCEED Setup Stage,DMSwarmDEPack,0,0.,0.,0.,0.,0.
libCEED Setup Stage,DMSwarmAddPnts,0,0.,0.,0.,0.,0.
libCEED Setup Stage,DMSwarmRmvPnts,0,0.,0.,0.,0.,0.
libCEED Setup Stage,DMSwarmSort,0,0.,0.,0.,0.,0.
libCEED Setup Stage,DMSwarmSetSizes,0,0.,0.,0.,0.,0.
libCEED Setup Stage,SFSetGraph,0,0.,0.,0.,0.,0.
libCEED Setup Stage,SFSetUp,0,0.,0.,0.,0.,0.
libCEED Setup Stage,SFBcastBegin,0,0.,0.,0.,0.,0.
libCEED Setup Stage,SFBcastEnd,0,0.,0.,0.,0.,0.
libCEED Setup Stage,SFBcastOpBegin,0,0.,0.,0.,0.,0.
libCEED Setup Stage,SFBcastOpEnd,0,0.,0.,0.,0.,0.
libCEED Setup Stage,SFReduceBegin,0,0.,0.,0.,0.,0.
libCEED Setup Stage,SFReduceEnd,0,0.,0.,0.,0.,0.
libCEED Setup Stage,SFFetchOpBegin,0,0.,0.,0.,0.,0.
libCEED Setup Stage,SFFetchOpEnd,0,0.,0.,0.,0.,0.
libCEED Setup Stage,SFCreateEmbed,0,0.,0.,0.,0.,0.
libCEED Setup Stage,SFDistSection,0,0.,0.,0.,0.,0.
libCEED Setup Stage,SFSectionSF,0,0.,0.,0.,0.,0.
libCEED Setup Stage,SFRemoteOff,0,0.,0.,0.,0.,0.
libCEED Setup Stage,MatMult MF,0,0.,0.,0.,0.,0.
libCEED Setup Stage,MatMult,0,0.,0.,0.,0.,0.
libCEED Setup Stage,MatMults,0,0.,0.,0.,0.,0.
libCEED Setup Stage,MatMultConstr,0,0.,0.,0.,0.,0.
libCEED Setup Stage,MatMultAdd,0,0.,0.,0.,0.,0.
libCEED Setup Stage,MatMultTranspose,0,0.,0.,0.,0.,0.
libCEED Setup Stage,MatMultTrConstr,0,0.,0.,0.,0.,0.
libCEED Setup Stage,MatMultTrAdd,0,0.,0.,0.,0.,0.
libCEED Setup Stage,MatSolve,0,0.,0.,0.,0.,0.
libCEED Setup Stage,MatSolves,0,0.,0.,0.,0.,0.
libCEED Setup Stage,MatSolveAdd,0,0.,0.,0.,0.,0.
libCEED Setup Stage,MatSolveTranspos,0,0.,0.,0.,0.,0.
libCEED Setup Stage,MatSolveTrAdd,0,0.,0.,0.,0.,0.
libCEED Setup Stage,MatSOR,0,0.,0.,0.,0.,0.
libCEED Setup Stage,MatForwardSolve,0,0.,0.,0.,0.,0.
libCEED Setup Stage,MatBackwardSolve,0,0.,0.,0.,0.,0.
libCEED Setup Stage,MatLUFactor,0,0.,0.,0.,0.,0.
libCEED Setup Stage,MatLUFactorSym,0,0.,0.,0.,0.,0.
libCEED Setup Stage,MatLUFactorNum,0,0.,0.,0.,0.,0.
libCEED Setup Stage,MatCholeskyFctr,0,0.,0.,0.,0.,0.
libCEED Setup Stage,MatCholFctrSym,0,0.,0.,0.,0.,0.
libCEED Setup Stage,MatCholFctrNum,0,0.,0.,0.,0.,0.
libCEED Setup Stage,MatFctrFactSchur,0,0.,0.,0.,0.,0.
libCEED Setup Stage,MatFctrInvSchur,0,0.,0.,0.,0.,0.
libCEED Setup Stage,MatILUFactor,0,0.,0.,0.,0.,0.
libCEED Setup Stage,MatILUFactorSym,0,0.,0.,0.,0.,0.
libCEED Setup Stage,MatICCFactorSym,0,0.,0.,0.,0.,0.
libCEED Setup Stage,MatCopy,0,0.,0.,0.,0.,0.
libCEED Setup Stage,MatConvert,0,0.,0.,0.,0.,0.
libCEED Setup Stage,MatScale,0,0.,0.,0.,0.,0.
libCEED Setup Stage,MatResidual,0,0.,0.,0.,0.,0.
libCEED Setup Stage,MatAssemblyBegin,0,0.,0.,0.,0.,0.
libCEED Setup Stage,MatAssemblyEnd,0,0.,0.,0.,0.,0.
libCEED Setup Stage,MatSetValues,0,0.,0.,0.,0.,0.
libCEED Setup Stage,MatGetValues,0,0.,0.,0.,0.,0.
libCEED Setup Stage,MatGetRow,0,0.,0.,0.,0.,0.
libCEED Setup Stage,MatGetRowIJ,0,0.,0.,0.,0.,0.
libCEED Setup Stage,MatCreateSubMats,0,0.,0.,0.,0.,0.
libCEED Setup Stage,MatCreateSubMat,0,0.,0.,0.,0.,0.
libCEED Setup Stage,MatGetOrdering,0,0.,0.,0.,0.,0.
libCEED Setup Stage,MatIncreaseOvrlp,0,0.,0.,0.,0.,0.
libCEED Setup Stage,MatPartitioning,0,0.,0.,0.,0.,0.
libCEED Setup Stage,MatPartitioningND,0,0.,0.,0.,0.,0.
libCEED Setup Stage,MatCoarsen,0,0.,0.,0.,0.,0.
libCEED Setup Stage,MatZeroEntries,0,0.,0.,0.,0.,0.
libCEED Setup Stage,MatLoad,0,0.,0.,0.,0.,0.
libCEED Setup Stage,MatView,0,0.,0.,0.,0.,0.
libCEED Setup Stage,MatAXPY,0,0.,0.,0.,0.,0.
libCEED Setup Stage,MatFDColorCreate,0,0.,0.,0.,0.,0.
libCEED Setup Stage,MatFDColorSetUp,0,0.,0.,0.,0.,0.
libCEED Setup Stage,MatFDColorApply,0,0.,0.,0.,0.,0.
libCEED Setup Stage,MatFDColorFunc,0,0.,0.,0.,0.,0.
libCEED Setup Stage,MatTranspose,0,0.,0.,0.,0.,0.
libCEED Setup Stage,MatMatMult,0,0.,0.,0.,0.,0.
libCEED Setup Stage,MatMatSolve,0,0.,0.,0.,0.,0.
libCEED Setup Stage,MatMatTrSolve,0,0.,0.,0.,0.,0.
libCEED Setup Stage,MatMatMultSym,0,0.,0.,0.,0.,0.
libCEED Setup Stage,MatMatMultNum,0,0.,0.,0.,0.,0.
libCEED Setup Stage,MatMatMatMult,0,0.,0.,0.,0.,0.
libCEED Setup Stage,MatMatMatMultSym,0,0.,0.,0.,0.,0.
libCEED Setup Stage,MatMatMatMultNum,0,0.,0.,0.,0.,0.
libCEED Setup Stage,MatPtAP,0,0.,0.,0.,0.,0.
libCEED Setup Stage,MatPtAPSymbolic,0,0.,0.,0.,0.,0.
libCEED Setup Stage,MatPtAPNumeric,0,0.,0.,0.,0.,0.
libCEED Setup Stage,MatRARt,0,0.,0.,0.,0.,0.
libCEED Setup Stage,MatRARtSym,0,0.,0.,0.,0.,0.
libCEED Setup Stage,MatRARtNum,0,0.,0.,0.,0.,0.
libCEED Setup Stage,MatMatTransMult,0,0.,0.,0.,0.,0.
libCEED Setup Stage,MatMatTrnMultSym,0,0.,0.,0.,0.,0.
libCEED Setup Stage,MatMatTrnMultNum,0,0.,0.,0.,0.,0.
libCEED Setup Stage,MatTrnMatMult,0,0.,0.,0.,0.,0.
libCEED Setup Stage,MatTrnMatMultSym,0,0.,0.,0.,0.,0.
libCEED Setup Stage,MatTrnMatMultNum,0,0.,0.,0.,0.,0.
libCEED Setup Stage,MatTrnColorCreate,0,0.,0.,0.,0.,0.
libCEED Setup Stage,MatRedundantMat,0,0.,0.,0.,0.,0.
libCEED Setup Stage,MatGetSeqNZStrct,0,0.,0.,0.,0.,0.
libCEED Setup Stage,MatGetMultiProcB,0,0.,0.,0.,0.,0.
libCEED Setup Stage,MatSetRandom,0,0.,0.,0.,0.,0.
libCEED Setup Stage,MatMPISumSeqNumeric,0,0.,0.,0.,0.,0.
libCEED Setup Stage,MatMPISumSeqSymbolic,0,0.,0.,0.,0.,0.
libCEED Setup Stage,MatMPISumSeq,0,0.,0.,0.,0.,0.
libCEED Setup Stage,MatMPIConcateSeq,0,0.,0.,0.,0.,0.
libCEED Setup Stage,MatGetLocalMat,0,0.,0.,0.,0.,0.
libCEED Setup Stage,MatGetLocalMatCondensed,0,0.,0.,0.,0.,0.
libCEED Setup Stage,MatGetBrowsOfAcols,0,0.,0.,0.,0.,0.
libCEED Setup Stage,MatGetBrAoCol,0,0.,0.,0.,0.,0.
libCEED Setup Stage,MatApplyPAPt_Symbolic,0,0.,0.,0.,0.,0.
libCEED Setup Stage,MatApplyPAPt_Numeric,0,0.,0.,0.,0.,0.
libCEED Setup Stage,MatApplyPAPt,0,0.,0.,0.,0.,0.
libCEED Setup Stage,MatGetSymTrans,0,0.,0.,0.,0.,0.
libCEED Setup Stage,MatGetSymTransR,0,0.,0.,0.,0.,0.
libCEED Setup Stage,MatCUSPARSCopyTo,0,0.,0.,0.,0.,0.
libCEED Setup Stage,MatVCLCopyTo,0,0.,0.,0.,0.,0.
libCEED Setup Stage,MatDenseCopyTo,0,0.,0.,0.,0.,0.
libCEED Setup Stage,MatDenseCopyFrom,0,0.,0.,0.,0.,0.
libCEED Setup Stage,MatSetValBatch,0,0.,0.,0.,0.,0.
libCEED Setup Stage,MatColoringApply,0,0.,0.,0.,0.,0.
libCEED Setup Stage,MatColoringComm,0,0.,0.,0.,0.,0.
libCEED Setup Stage,MatColoringLocal,0,0.,0.,0.,0.,0.
libCEED Setup Stage,MatColoringIS,0,0.,0.,0.,0.,0.
libCEED Setup Stage,MatColoringSetUp,0,0.,0.,0.,0.,0.
libCEED Setup Stage,MatColoringWeights,0,0.,0.,0.,0.,0.
libCEED Setup Stage,VecView,0,0.,0.,0.,0.,0.
libCEED Setup Stage,VecMax,0,0.,0.,0.,0.,0.
libCEED Setup Stage,VecMin,0,0.,0.,0.,0.,0.
libCEED Setup Stage,VecDot,0,0.,0.,0.,0.,0.
libCEED Setup Stage,VecDotNorm2,0,0.,0.,0.,0.,0.
libCEED Setup Stage,VecMDot,0,0.,0.,0.,0.,0.
libCEED Setup Stage,VecTDot,0,0.,0.,0.,0.,0.
libCEED Setup Stage,VecMTDot,0,0.,0.,0.,0.,0.
libCEED Setup Stage,VecNorm,0,0.,0.,0.,0.,0.
libCEED Setup Stage,VecScale,0,0.,0.,0.,0.,0.
libCEED Setup Stage,VecCopy,0,0.,0.,0.,0.,0.
libCEED Setup Stage,VecSet,0,2.74181e-05,0.,0.,0.,0.
libCEED Setup Stage,VecAXPY,0,0.,0.,0.,0.,0.
libCEED Setup Stage,VecAYPX,0,0.,0.,0.,0.,0.
libCEED Setup Stage,VecAXPBYCZ,0,0.,0.,0.,0.,0.
libCEED Setup Stage,VecWAXPY,0,0.,0.,0.,0.,0.
libCEED Setup Stage,VecMAXPY,0,0.,0.,0.,0.,0.
libCEED Setup Stage,VecSwap,0,0.,0.,0.,0.,0.
libCEED Setup Stage,VecOps,0,0.,0.,0.,0.,0.
libCEED Setup Stage,VecAssemblyBegin,0,0.,0.,0.,0.,0.
libCEED Setup Stage,VecAssemblyEnd,0,0.,0.,0.,0.,0.
libCEED Setup Stage,VecPointwiseMult,0,0.,0.,0.,0.,0.
libCEED Setup Stage,VecSetValues,0,0.,0.,0.,0.,0.
libCEED Setup Stage,VecLoad,0,0.,0.,0.,0.,0.
libCEED Setup Stage,VecScatterBegin,0,0.,0.,0.,0.,0.
libCEED Setup Stage,VecScatterEnd  ,0,0.,0.,0.,0.,0.
libCEED Setup Stage,VecSetRandom,0,0.,0.,0.,0.,0.
libCEED Setup Stage,VecReduceArith,0,0.,0.,0.,0.,0.
libCEED Setup Stage,VecReduceComm,0,0.,0.,0.,0.,0.
libCEED Setup Stage,VecReduceBegin,0,0.,0.,0.,0.,0.
libCEED Setup Stage,VecReduceEnd,0,0.,0.,0.,0.,0.
libCEED Setup Stage,VecNormalize,0,0.,0.,0.,0.,0.
libCEED Setup Stage,SNESSolve,0,0.,0.,0.,0.,0.
libCEED Setup Stage,SNESSetUp,0,0.,0.,0.,0.,0.
libCEED Setup Stage,SNESFunctionEval,0,0.,0.,0.,0.,0.
libCEED Setup Stage,SNESObjectiveEval,0,0.,0.,0.,0.,0.
libCEED Setup Stage,SNESNGSEval,0,0.,0.,0.,0.,0.
libCEED Setup Stage,SNESNGSFuncEval,0,0.,0.,0.,0.,0.
libCEED Setup Stage,SNESJacobianEval,0,0.,0.,0.,0.,0.
libCEED Setup Stage,SNESNPCSolve,0,0.,0.,0.,0.,0.
libCEED Setup Stage,SNESLineSearch,0,0.,0.,0.,0.,0.
libCEED Setup Stage,KSPSetUp,0,0.,0.,0.,0.,0.
libCEED Setup Stage,KSPSolve,0,0.,0.,0.,0.,0.
libCEED Setup Stage,KSPGMRESOrthog,0,0.,0.,0.,0.,0.
libCEED Setup Stage,KSPSolveTranspos,0,0.,0.,0.,0.,0.
libCEED Setup Stage,PCGAMGGraph_AGG,0,0.,0.,0.,0.,0.
libCEED Setup Stage,PCGAMGGraph_GEO,0,0.,0.,0.,0.,0.
libCEED Setup Stage,PCGAMGCoarse_AGG,0,0.,0.,0.,0.,0.
libCEED Setup Stage,PCGAMGCoarse_GEO,0,0.,0.,0.,0.,0.
libCEED Setup Stage,PCGAMGProl_AGG,0,0.,0.,0.,0.,0.
libCEED Setup Stage,PCGAMGProl_GEO,0,0.,0.,0.,0.,0.
libCEED Setup Stage,PCGAMGPOpt_AGG,0,0.,0.,0.,0.,0.
libCEED Setup Stage,GAMG: createProl,0,0.,0.,0.,0.,0.
libCEED Setup Stage,  Graph,0,0.,0.,0.,0.,0.
libCEED Setup Stage,  MIS/Agg,0,0.,0.,0.,0.,0.
libCEED Setup Stage,  geo: growSupp,0,0.,0.,0.,0.,0.
libCEED Setup Stage,  geo: triangle,0,0.,0.,0.,0.,0.
libCEED Setup Stage,    search-set,0,0.,0.,0.,0.,0.
libCEED Setup Stage,  SA: col data,0,0.,0.,0.,0.,0.
libCEED Setup Stage,  SA: frmProl0,0,0.,0.,0.,0.,0.
libCEED Setup Stage,  SA: smooth,0,0.,0.,0.,0.,0.
libCEED Setup Stage,GAMG: partLevel,0,0.,0.,0.,0.,0.
libCEED Setup Stage,  repartition,0,0.,0.,0.,0.,0.
libCEED Setup Stage,  Invert-Sort,0,0.,0.,0.,0.,0.
libCEED Setup Stage,  Move A,0,0.,0.,0.,0.,0.
libCEED Setup Stage,  Move P,0,0.,0.,0.,0.,0.
libCEED Setup Stage,PCBDDCTopo,0,0.,0.,0.,0.,0.
libCEED Setup Stage,PCBDDCLKSP,0,0.,0.,0.,0.,0.
libCEED Setup Stage,PCBDDCLWor,0,0.,0.,0.,0.,0.
libCEED Setup Stage,PCBDDCCorr,0,0.,0.,0.,0.,0.
libCEED Setup Stage,PCBDDCASet,0,0.,0.,0.,0.,0.
libCEED Setup Stage,PCBDDCAApp,0,0.,0.,0.,0.,0.
libCEED Setup Stage,PCBDDCCSet,0,0.,0.,0.,0.,0.
libCEED Setup Stage,PCBDDCCKSP,0,0.,0.,0.,0.,0.
libCEED Setup Stage,PCBDDCAdap,0,0.,0.,0.,0.,0.
libCEED Setup Stage,PCBDDCScal,0,0.,0.,0.,0.,0.
libCEED Setup Stage,PCBDDCSchr,0,0.,0.,0.,0.,0.
libCEED Setup Stage,PCBDDCTopo l01,0,0.,0.,0.,0.,0.
libCEED Setup Stage,PCBDDCLKSP l01,0,0.,0.,0.,0.,0.
libCEED Setup Stage,PCBDDCLWor l01,0,0.,0.,0.,0.,0.
libCEED Setup Stage,PCBDDCCorr l01,0,0.,0.,0.,0.,0.
libCEED Setup Stage,PCBDDCASet l01,0,0.,0.,0.,0.,0.
libCEED Setup Stage,PCBDDCAApp l01,0,0.,0.,0.,0.,0.
libCEED Setup Stage,PCBDDCCSet l01,0,0.,0.,0.,0.,0.
libCEED Setup Stage,PCBDDCCKSP l01,0,0.,0.,0.,0.,0.
libCEED Setup Stage,PCBDDCAdap l01,0,0.,0.,0.,0.,0.
libCEED Setup Stage,PCBDDCScal l01,0,0.,0.,0.,0.,0.
libCEED Setup Stage,PCBDDCSchr l01,0,0.,0.,0.,0.,0.
libCEED Setup Stage,PCBDDCTopo l02,0,0.,0.,0.,0.,0.
libCEED Setup Stage,PCBDDCLKSP l02,0,0.,0.,0.,0.,0.
libCEED Setup Stage,PCBDDCLWor l02,0,0.,0.,0.,0.,0.
libCEED Setup Stage,PCBDDCCorr l02,0,0.,0.,0.,0.,0.
libCEED Setup Stage,PCBDDCASet l02,0,0.,0.,0.,0.,0.
libCEED Setup Stage,PCBDDCAApp l02,0,0.,0.,0.,0.,0.
libCEED Setup Stage,PCBDDCCSet l02,0,0.,0.,0.,0.,0.
libCEED Setup Stage,PCBDDCCKSP l02,0,0.,0.,0.,0.,0.
libCEED Setup Stage,PCBDDCAdap l02,0,0.,0.,0.,0.,0.
libCEED Setup Stage,PCBDDCScal l02,0,0.,0.,0.,0.,0.
libCEED Setup Stage,PCBDDCSchr l02,0,0.,0.,0.,0.,0.
libCEED Setup Stage,PCBDDCTopo l03,0,0.,0.,0.,0.,0.
libCEED Setup Stage,PCBDDCLKSP l03,0,0.,0.,0.,0.,0.
libCEED Setup Stage,PCBDDCLWor l03,0,0.,0.,0.,0.,0.
libCEED Setup Stage,PCBDDCCorr l03,0,0.,0.,0.,0.,0.
libCEED Setup Stage,PCBDDCASet l03,0,0.,0.,0.,0.,0.
libCEED Setup Stage,PCBDDCAApp l03,0,0.,0.,0.,0.,0.
libCEED Setup Stage,PCBDDCCSet l03,0,0.,0.,0.,0.,0.
libCEED Setup Stage,PCBDDCCKSP l03,0,0.,0.,0.,0.,0.
libCEED Setup Stage,PCBDDCAdap l03,0,0.,0.,0.,0.,0.
libCEED Setup Stage,PCBDDCScal l03,0,0.,0.,0.,0.,0.
libCEED Setup Stage,PCBDDCSchr l03,0,0.,0.,0.,0.,0.
libCEED Setup Stage,PCBDDCTopo l04,0,0.,0.,0.,0.,0.
libCEED Setup Stage,PCBDDCLKSP l04,0,0.,0.,0.,0.,0.
libCEED Setup Stage,PCBDDCLWor l04,0,0.,0.,0.,0.,0.
libCEED Setup Stage,PCBDDCCorr l04,0,0.,0.,0.,0.,0.
libCEED Setup Stage,PCBDDCASet l04,0,0.,0.,0.,0.,0.
libCEED Setup Stage,PCBDDCAApp l04,0,0.,0.,0.,0.,0.
libCEED Setup Stage,PCBDDCCSet l04,0,0.,0.,0.,0.,0.
libCEED Setup Stage,PCBDDCCKSP l04,0,0.,0.,0.,0.,0.
libCEED Setup Stage,PCBDDCAdap l04,0,0.,0.,0.,0.,0.
libCEED Setup Stage,PCBDDCScal l04,0,0.,0.,0.,0.,0.
libCEED Setup Stage,PCBDDCSchr l04,0,0.,0.,0.,0.,0.
libCEED Setup Stage,PCBDDCTopo l05,0,0.,0.,0.,0.,0.
libCEED Setup Stage,PCBDDCLKSP l05,0,0.,0.,0.,0.,0.
libCEED Setup Stage,PCBDDCLWor l05,0,0.,0.,0.,0.,0.
libCEED Setup Stage,PCBDDCCorr l05,0,0.,0.,0.,0.,0.
libCEED Setup Stage,PCBDDCASet l05,0,0.,0.,0.,0.,0.
libCEED Setup Stage,PCBDDCAApp l05,0,0.,0.,0.,0.,0.
libCEED Setup Stage,PCBDDCCSet l05,0,0.,0.,0.,0.,0.
libCEED Setup Stage,PCBDDCCKSP l05,0,0.,0.,0.,0.,0.
libCEED Setup Stage,PCBDDCAdap l05,0,0.,0.,0.,0.,0.
libCEED Setup Stage,PCBDDCScal l05,0,0.,0.,0.,0.,0.
libCEED Setup Stage,PCBDDCSchr l05,0,0.,0.,0.,0.,0.
libCEED Setup Stage,PCBDDCTopo l06,0,0.,0.,0.,0.,0.
libCEED Setup Stage,PCBDDCLKSP l06,0,0.,0.,0.,0.,0.
libCEED Setup Stage,PCBDDCLWor l06,0,0.,0.,0.,0.,0.
libCEED Setup Stage,PCBDDCCorr l06,0,0.,0.,0.,0.,0.
libCEED Setup Stage,PCBDDCASet l06,0,0.,0.,0.,0.,0.
libCEED Setup Stage,PCBDDCAApp l06,0,0.,0.,0.,0.,0.
libCEED Setup Stage,PCBDDCCSet l06,0,0.,0.,0.,0.,0.
libCEED Setup Stage,PCBDDCCKSP l06,0,0.,0.,0.,0.,0.
libCEED Setup Stage,PCBDDCAdap l06,0,0.,0.,0.,0.,0.
libCEED Setup Stage,PCBDDCScal l06,0,0.,0.,0.,0.,0.
libCEED Setup Stage,PCBDDCSchr l06,0,0.,0.,0.,0.,0.
libCEED Setup Stage,PCBDDCTopo l07,0,0.,0.,0.,0.,0.
libCEED Setup Stage,PCBDDCLKSP l07,0,0.,0.,0.,0.,0.
libCEED Setup Stage,PCBDDCLWor l07,0,0.,0.,0.,0.,0.
libCEED Setup Stage,PCBDDCCorr l07,0,0.,0.,0.,0.,0.
libCEED Setup Stage,PCBDDCASet l07,0,0.,0.,0.,0.,0.
libCEED Setup Stage,PCBDDCAApp l07,0,0.,0.,0.,0.,0.
libCEED Setup Stage,PCBDDCCSet l07,0,0.,0.,0.,0.,0.
libCEED Setup Stage,PCBDDCCKSP l07,0,0.,0.,0.,0.,0.
libCEED Setup Stage,PCBDDCAdap l07,0,0.,0.,0.,0.,0.
libCEED Setup Stage,PCBDDCScal l07,0,0.,0.,0.,0.,0.
libCEED Setup Stage,PCBDDCSchr l07,0,0.,0.,0.,0.,0.
libCEED Setup Stage,PCSetUp,0,0.,0.,0.,0.,0.
libCEED Setup Stage,PCSetUpOnBlocks,0,0.,0.,0.,0.,0.
libCEED Setup Stage,PCApply,0,0.,0.,0.,0.,0.
libCEED Setup Stage,PCApplyOnBlocks,0,0.,0.,0.,0.,0.
libCEED Setup Stage,PCApplyCoarse,0,0.,0.,0.,0.,0.
libCEED Setup Stage,PCApplyMultiple,0,0.,0.,0.,0.,0.
libCEED Setup Stage,PCApplySymmLeft,0,0.,0.,0.,0.,0.
libCEED Setup Stage,PCApplySymmRight,0,0.,0.,0.,0.,0.
libCEED Setup Stage,PCModifySubMatri,0,0.,0.,0.,0.,0.
libCEED Setup Stage,PCPATCHCreate,0,0.,0.,0.,0.,0.
libCEED Setup Stage,PCPATCHComputeOp,0,0.,0.,0.,0.,0.
libCEED Setup Stage,PCPATCHSolve,0,0.,0.,0.,0.,0.
libCEED Setup Stage,PCPATCHApply,0,0.,0.,0.,0.,0.
libCEED Setup Stage,PCPATCHScatter,0,0.,0.,0.,0.,0.
libCEED Setup Stage,PCPATCHPrealloc,0,0.,0.,0.,0.,0.
libCEED Setup Stage,KSPSolve_FS_0,0,0.,0.,0.,0.,0.
libCEED Setup Stage,KSPSolve_FS_1,0,0.,0.,0.,0.,0.
libCEED Setup Stage,KSPSolve_FS_2,0,0.,0.,0.,0.,0.
libCEED Setup Stage,KSPSolve_FS_3,0,0.,0.,0.,0.,0.
libCEED Setup Stage,KSPSolve_FS_4,0,0.,0.,0.,0.,0.
libCEED Setup Stage,KSPSolve_FS_Schu,0,0.,0.,0.,0.,0.
libCEED Setup Stage,KSPSolve_FS_Up,0,0.,0.,0.,0.,0.
libCEED Setup Stage,KSPSolve_FS_Low,0,0.,0.,0.,0.,0.
SNES Setup Stage,summary,0,0.639846,0.,0.,0.,0.
SNES Setup Stage,PetscBarrier,0,0.,0.,0.,0.,0.
SNES Setup Stage,BuildTwoSided,0,0.,0.,0.,0.,0.
SNES Setup Stage,BuildTwoSidedF,0,0.,0.,0.,0.,0.
SNES Setup Stage,DMConvert,0,0.,0.,0.,0.,0.
SNES Setup Stage,DMGlobalToLocal,0,0.,0.,0.,0.,0.
SNES Setup Stage,DMLocalToGlobal,0,0.,0.,0.,0.,0.
SNES Setup Stage,DMLocatePoints,0,0.,0.,0.,0.,0.
SNES Setup Stage,DMCoarsen,0,0.,0.,0.,0.,0.
SNES Setup Stage,DMCreateInterp,0,0.,0.,0.,0.,0.
SNES Setup Stage,DMCreateRestrict,0,0.,0.,0.,0.,0.
SNES Setup Stage,DMCreateInject,0,0.,0.,0.,0.,0.
SNES Setup Stage,DMCreateMat,0,0.614714,0.,0.,0.,0.
SNES Setup Stage,Mesh Partition,0,0.,0.,0.,0.,0.
SNES Setup Stage,Mesh Migration,0,0.,0.,0.,0.,0.
SNES Setup Stage,DMPlexPartSelf,0,0.,0.,0.,0.,0.
SNES Setup Stage,DMPlexPartLblInv,0,0.,0.,0.,0.,0.
SNES Setup Stage,DMPlexPartLblSF,0,0.,0.,0.,0.,0.
SNES Setup Stage,DMPlexPartStrtSF,0,0.,0.,0.,0.,0.
SNES Setup Stage,DMPlexPointSF,0,0.,0.,0.,0.,0.
SNES Setup Stage,DMPlexInterp,0,0.,0.,0.,0.,0.
SNES Setup Stage,DMPlexDistribute,0,0.,0.,0.,0.,0.
SNES Setup Stage,DMPlexDistCones,0,0.,0.,0.,0.,0.
SNES Setup Stage,DMPlexDistLabels,0,0.,0.,0.,0.,0.
SNES Setup Stage,DMPlexDistSF,0,0.,0.,0.,0.,0.
SNES Setup Stage,DMPlexDistOvrlp,0,0.,0.,0.,0.,0.
SNES Setup Stage,DMPlexDistField,0,0.,0.,0.,0.,0.
SNES Setup Stage,DMPlexDistData,0,0.,0.,0.,0.,0.
SNES Setup Stage,DMPlexInterpSF,0,0.,0.,0.,0.,0.
SNES Setup Stage,DMPlexGToNBegin,0,0.,0.,0.,0.,0.
SNES Setup Stage,DMPlexGToNEnd,0,0.,0.,0.,0.,0.
SNES Setup Stage,DMPlexNToGBegin,0,0.,0.,0.,0.,0.
SNES Setup Stage,DMPlexNToGEnd,0,0.,0.,0.,0.,0.
SNES Setup Stage,DMPlexStratify,0,0.,0.,0.,0.,0.
SNES Setup Stage,DMPlexSymmetrize,0,0.,0.,0.,0.,0.
SNES Setup Stage,DMPlexPrealloc,0,0.60478,0.,0.,0.,0.
SNES Setup Stage,DMPlexResidualFE,0,0.,0.,0.,0.,0.
SNES Setup Stage,DMPlexJacobianFE,0,0.,0.,0.,0.,0.
SNES Setup Stage,DMPlexInterpFE,0,0.,0.,0.,0.,0.
SNES Setup Stage,DMPlexInjectorFE,0,0.,0.,0.,0.,0.
SNES Setup Stage,DMPlexIntegralFEM,0,0.,0.,0.,0.,0.
SNES Setup Stage,DMPlexCreateGmsh,0,0.,0.,0.,0.,0.
SNES Setup Stage,DMPlexRebalance,0,0.,0.,0.,0.,0.
SNES Setup Stage,DMSwarmMigrate,0,0.,0.,0.,0.,0.
SNES Setup Stage,DMSwarmDETSetup,0,0.,0.,0.,0.,0.
SNES Setup Stage,DMSwarmDExBegin,0,0.,0.,0.,0.,0.
SNES Setup Stage,DMSwarmDExEnd,0,0.,0.,0.,0.,0.
SNES Setup Stage,DMSwarmDESendCnt,0,0.,0.,0.,0.,0.
SNES Setup Stage,DMSwarmDEPack,0,0.,0.,0.,0.,0.
SNES Setup Stage,DMSwarmAddPnts,0,0.,0.,0.,0.,0.
SNES Setup Stage,DMSwarmRmvPnts,0,0.,0.,0.,0.,0.
SNES Setup Stage,DMSwarmSort,0,0.,0.,0.,0.,0.
SNES Setup Stage,DMSwarmSetSizes,0,0.,0.,0.,0.,0.
SNES Setup Stage,SFSetGraph,0,0.,0.,0.,0.,0.
SNES Setup Stage,SFSetUp,0,0.,0.,0.,0.,0.
SNES Setup Stage,SFBcastBegin,0,0.,0.,0.,0.,0.
SNES Setup Stage,SFBcastEnd,0,0.,0.,0.,0.,0.
SNES Setup Stage,SFBcastOpBegin,0,2.26498e-05,0.,0.,0.,0.
SNES Setup Stage,SFBcastOpEnd,0,0.000244379,0.,0.,0.,0.
SNES Setup Stage,SFReduceBegin,0,0.000257492,0.,0.,0.,0.
SNES Setup Stage,SFReduceEnd,0,0.000136375,0.,0.,0.,0.
SNES Setup Stage,SFFetchOpBegin,0,0.,0.,0.,0.,0.
SNES Setup Stage,SFFetchOpEnd,0,0.,0.,0.,0.,0.
SNES Setup Stage,SFCreateEmbed,0,0.,0.,0.,0.,0.
SNES Setup Stage,SFDistSection,0,0.,0.,0.,0.,0.
SNES Setup Stage,SFSectionSF,0,0.,0.,0.,0.,0.
SNES Setup Stage,SFRemoteOff,0,0.,0.,0.,0.,0.
SNES Setup Stage,MatMult MF,0,0.,0.,0.,0.,0.
SNES Setup Stage,MatMult,0,0.,0.,0.,0.,0.
SNES Setup Stage,MatMults,0,0.,0.,0.,0.,0.
SNES Setup Stage,MatMultConstr,0,0.,0.,0.,0.,0.
SNES Setup Stage,MatMultAdd,0,0.,0.,0.,0.,0.
SNES Setup Stage,MatMultTranspose,0,0.,0.,0.,0.,0.
SNES Setup Stage,MatMultTrConstr,0,0.,0.,0.,0.,0.
SNES Setup Stage,MatMultTrAdd,0,0.,0.,0.,0.,0.
SNES Setup Stage,MatSolve,0,0.,0.,0.,0.,0.
SNES Setup Stage,MatSolves,0,0.,0.,0.,0.,0.
SNES Setup Stage,MatSolveAdd,0,0.,0.,0.,0.,0.
SNES Setup Stage,MatSolveTranspos,0,0.,0.,0.,0.,0.
SNES Setup Stage,MatSolveTrAdd,0,0.,0.,0.,0.,0.
SNES Setup Stage,MatSOR,0,0.,0.,0.,0.,0.
SNES Setup Stage,MatForwardSolve,0,0.,0.,0.,0.,0.
SNES Setup Stage,MatBackwardSolve,0,0.,0.,0.,0.,0.
SNES Setup Stage,MatLUFactor,0,0.,0.,0.,0.,0.
SNES Setup Stage,MatLUFactorSym,0,0.,0.,0.,0.,0.
SNES Setup Stage,MatLUFactorNum,0,0.,0.,0.,0.,0.
SNES Setup Stage,MatCholeskyFctr,0,0.,0.,0.,0.,0.
SNES Setup Stage,MatCholFctrSym,0,0.,0.,0.,0.,0.
SNES Setup Stage,MatCholFctrNum,0,0.,0.,0.,0.,0.
SNES Setup Stage,MatFctrFactSchur,0,0.,0.,0.,0.,0.
SNES Setup Stage,MatFctrInvSchur,0,0.,0.,0.,0.,0.
SNES Setup Stage,MatILUFactor,0,0.,0.,0.,0.,0.
SNES Setup Stage,MatILUFactorSym,0,0.,0.,0.,0.,0.
SNES Setup Stage,MatICCFactorSym,0,0.,0.,0.,0.,0.
SNES Setup Stage,MatCopy,0,0.,0.,0.,0.,0.
SNES Setup Stage,MatConvert,0,0.,0.,0.,0.,0.
SNES Setup Stage,MatScale,0,0.,0.,0.,0.,0.
SNES Setup Stage,MatResidual,0,0.,0.,0.,0.,0.
SNES Setup Stage,MatAssemblyBegin,0,2.6226e-06,0.,0.,0.,0.
SNES Setup Stage,MatAssemblyEnd,0,0.000399351,0.,0.,0.,0.
SNES Setup Stage,MatSetValues,0,0.,0.,0.,0.,0.
SNES Setup Stage,MatGetValues,0,0.,0.,0.,0.,0.
SNES Setup Stage,MatGetRow,0,0.,0.,0.,0.,0.
SNES Setup Stage,MatGetRowIJ,0,0.,0.,0.,0.,0.
SNES Setup Stage,MatCreateSubMats,0,0.,0.,0.,0.,0.
SNES Setup Stage,MatCreateSubMat,0,0.,0.,0.,0.,0.
SNES Setup Stage,MatGetOrdering,0,0.,0.,0.,0.,0.
SNES Setup Stage,MatIncreaseOvrlp,0,0.,0.,0.,0.,0.
SNES Setup Stage,MatPartitioning,0,0.,0.,0.,0.,0.
SNES Setup Stage,MatPartitioningND,0,0.,0.,0.,0.,0.
SNES Setup Stage,MatCoarsen,0,0.,0.,0.,0.,0.
SNES Setup Stage,MatZeroEntries,0,0.,0.,0.,0.,0.
SNES Setup Stage,MatLoad,0,0.,0.,0.,0.,0.
SNES Setup Stage,MatView,0,0.,0.,0.,0.,0.
SNES Setup Stage,MatAXPY,0,0.,0.,0.,0.,0.
SNES Setup Stage,MatFDColorCreate,0,0.,0.,0.,0.,0.
SNES Setup Stage,MatFDColorSetUp,0,0.,0.,0.,0.,0.
SNES Setup Stage,MatFDColorApply,0,0.,0.,0.,0.,0.
SNES Setup Stage,MatFDColorFunc,0,0.,0.,0.,0.,0.
SNES Setup Stage,MatTranspose,0,0.,0.,0.,0.,0.
SNES Setup Stage,MatMatMult,0,0.,0.,0.,0.,0.
SNES Setup Stage,MatMatSolve,0,0.,0.,0.,0.,0.
SNES Setup Stage,MatMatTrSolve,0,0.,0.,0.,0.,0.
SNES Setup Stage,MatMatMultSym,0,0.,0.,0.,0.,0.
SNES Setup Stage,MatMatMultNum,0,0.,0.,0.,0.,0.
SNES Setup Stage,MatMatMatMult,0,0.,0.,0.,0.,0.
SNES Setup Stage,MatMatMatMultSym,0,0.,0.,0.,0.,0.
SNES Setup Stage,MatMatMatMultNum,0,0.,0.,0.,0.,0.
SNES Setup Stage,MatPtAP,0,0.,0.,0.,0.,0.
SNES Setup Stage,MatPtAPSymbolic,0,0.,0.,0.,0.,0.
SNES Setup Stage,MatPtAPNumeric,0,0.,0.,0.,0.,0.
SNES Setup Stage,MatRARt,0,0.,0.,0.,0.,0.
SNES Setup Stage,MatRARtSym,0,0.,0.,0.,0.,0.
SNES Setup Stage,MatRARtNum,0,0.,0.,0.,0.,0.
SNES Setup Stage,MatMatTransMult,0,0.,0.,0.,0.,0.
SNES Setup Stage,MatMatTrnMultSym,0,0.,0.,0.,0.,0.
SNES Setup Stage,MatMatTrnMultNum,0,0.,0.,0.,0.,0.
SNES Setup Stage,MatTrnMatMult,0,0.,0.,0.,0.,0.
SNES Setup Stage,MatTrnMatMultSym,0,0.,0.,0.,0.,0.
SNES Setup Stage,MatTrnMatMultNum,0,0.,0.,0.,0.,0.
SNES Setup Stage,MatTrnColorCreate,0,0.,0.,0.,0.,0.
SNES Setup Stage,MatRedundantMat,0,0.,0.,0.,0.,0.
SNES Setup Stage,MatGetSeqNZStrct,0,0.,0.,0.,0.,0.
SNES Setup Stage,MatGetMultiProcB,0,0.,0.,0.,0.,0.
SNES Setup Stage,MatSetRandom,0,0.,0.,0.,0.,0.
SNES Setup Stage,MatMPISumSeqNumeric,0,0.,0.,0.,0.,0.
SNES Setup Stage,MatMPISumSeqSymbolic,0,0.,0.,0.,0.,0.
SNES Setup Stage,MatMPISumSeq,0,0.,0.,0.,0.,0.
SNES Setup Stage,MatMPIConcateSeq,0,0.,0.,0.,0.,0.
SNES Setup Stage,MatGetLocalMat,0,0.,0.,0.,0.,0.
SNES Setup Stage,MatGetLocalMatCondensed,0,0.,0.,0.,0.,0.
SNES Setup Stage,MatGetBrowsOfAcols,0,0.,0.,0.,0.,0.
SNES Setup Stage,MatGetBrAoCol,0,0.,0.,0.,0.,0.
SNES Setup Stage,MatApplyPAPt_Symbolic,0,0.,0.,0.,0.,0.
SNES Setup Stage,MatApplyPAPt_Numeric,0,0.,0.,0.,0.,0.
SNES Setup Stage,MatApplyPAPt,0,0.,0.,0.,0.,0.
SNES Setup Stage,MatGetSymTrans,0,0.,0.,0.,0.,0.
SNES Setup Stage,MatGetSymTransR,0,0.,0.,0.,0.,0.
SNES Setup Stage,MatCUSPARSCopyTo,0,0.,0.,0.,0.,0.
SNES Setup Stage,MatVCLCopyTo,0,0.,0.,0.,0.,0.
SNES Setup Stage,MatDenseCopyTo,0,0.,0.,0.,0.,0.
SNES Setup Stage,MatDenseCopyFrom,0,0.,0.,0.,0.,0.
SNES Setup Stage,MatSetValBatch,0,0.,0.,0.,0.,0.
SNES Setup Stage,MatColoringApply,0,0.,0.,0.,0.,0.
SNES Setup Stage,MatColoringComm,0,0.,0.,0.,0.,0.
SNES Setup Stage,MatColoringLocal,0,0.,0.,0.,0.,0.
SNES Setup Stage,MatColoringIS,0,0.,0.,0.,0.,0.
SNES Setup Stage,MatColoringSetUp,0,0.,0.,0.,0.,0.
SNES Setup Stage,MatColoringWeights,0,0.,0.,0.,0.,0.
SNES Setup Stage,VecView,0,0.,0.,0.,0.,0.
SNES Setup Stage,VecMax,0,0.,0.,0.,0.,0.
SNES Setup Stage,VecMin,0,0.,0.,0.,0.,0.
SNES Setup Stage,VecDot,0,0.,0.,0.,0.,0.
SNES Setup Stage,VecDotNorm2,0,0.,0.,0.,0.,0.
SNES Setup Stage,VecMDot,0,0.,0.,0.,0.,0.
SNES Setup Stage,VecTDot,0,0.,0.,0.,0.,0.
SNES Setup Stage,VecMTDot,0,0.,0.,0.,0.,0.
SNES Setup Stage,VecNorm,0,0.,0.,0.,0.,0.
SNES Setup Stage,VecScale,0,0.,0.,0.,0.,0.
SNES Setup Stage,VecCopy,0,0.,0.,0.,0.,0.
SNES Setup Stage,VecSet,0,0.000102997,0.,0.,0.,0.
SNES Setup Stage,VecAXPY,0,0.,0.,0.,0.,0.
SNES Setup Stage,VecAYPX,0,0.,0.,0.,0.,0.
SNES Setup Stage,VecAXPBYCZ,0,0.,0.,0.,0.,0.
SNES Setup Stage,VecWAXPY,0,0.,0.,0.,0.,0.
SNES Setup Stage,VecMAXPY,0,0.,0.,0.,0.,0.
SNES Setup Stage,VecSwap,0,0.,0.,0.,0.,0.
SNES Setup Stage,VecOps,0,0.,0.,0.,0.,0.
SNES Setup Stage,VecAssemblyBegin,0,0.,0.,0.,0.,0.
SNES Setup Stage,VecAssemblyEnd,0,0.,0.,0.,0.,0.
SNES Setup Stage,VecPointwiseMult,0,0.,0.,0.,0.,0.
SNES Setup Stage,VecSetValues,0,0.,0.,0.,0.,0.
SNES Setup Stage,VecLoad,0,0.,0.,0.,0.,0.
SNES Setup Stage,VecScatterBegin,0,0.,0.,0.,0.,0.
SNES Setup Stage,VecScatterEnd  ,0,0.,0.,0.,0.,0.
SNES Setup Stage,VecSetRandom,0,0.,0.,0.,0.,0.
SNES Setup Stage,VecReduceArith,0,0.,0.,0.,0.,0.
SNES Setup Stage,VecReduceComm,0,0.,0.,0.,0.,0.
SNES Setup Stage,VecReduceBegin,0,0.,0.,0.,0.,0.
SNES Setup Stage,VecReduceEnd,0,0.,0.,0.,0.,0.
SNES Setup Stage,VecNormalize,0,0.,0.,0.,0.,0.
SNES Setup Stage,SNESSolve,0,0.,0.,0.,0.,0.
SNES Setup Stage,SNESSetUp,0,0.,0.,0.,0.,0.
SNES Setup Stage,SNESFunctionEval,0,0.,0.,0.,0.,0.
SNES Setup Stage,SNESObjectiveEval,0,0.,0.,0.,0.,0.
SNES Setup Stage,SNESNGSEval,0,0.,0.,0.,0.,0.
SNES Setup Stage,SNESNGSFuncEval,0,0.,0.,0.,0.,0.
SNES Setup Stage,SNESJacobianEval,0,0.,0.,0.,0.,0.
SNES Setup Stage,SNESNPCSolve,0,0.,0.,0.,0.,0.
SNES Setup Stage,SNESLineSearch,0,0.,0.,0.,0.,0.
SNES Setup Stage,KSPSetUp,0,0.,0.,0.,0.,0.
SNES Setup Stage,KSPSolve,0,0.,0.,0.,0.,0.
SNES Setup Stage,KSPGMRESOrthog,0,0.,0.,0.,0.,0.
SNES Setup Stage,KSPSolveTranspos,0,0.,0.,0.,0.,0.
SNES Setup Stage,PCGAMGGraph_AGG,0,0.,0.,0.,0.,0.
SNES Setup Stage,PCGAMGGraph_GEO,0,0.,0.,0.,0.,0.
SNES Setup Stage,PCGAMGCoarse_AGG,0,0.,0.,0.,0.,0.
SNES Setup Stage,PCGAMGCoarse_GEO,0,0.,0.,0.,0.,0.
SNES Setup Stage,PCGAMGProl_AGG,0,0.,0.,0.,0.,0.
SNES Setup Stage,PCGAMGProl_GEO,0,0.,0.,0.,0.,0.
SNES Setup Stage,PCGAMGPOpt_AGG,0,0.,0.,0.,0.,0.
SNES Setup Stage,GAMG: createProl,0,0.,0.,0.,0.,0.
SNES Setup Stage,  Graph,0,0.,0.,0.,0.,0.
SNES Setup Stage,  MIS/Agg,0,0.,0.,0.,0.,0.
SNES Setup Stage,  geo: growSupp,0,0.,0.,0.,0.,0.
SNES Setup Stage,  geo: triangle,0,0.,0.,0.,0.,0.
SNES Setup Stage,    search-set,0,0.,0.,0.,0.,0.
SNES Setup Stage,  SA: col data,0,0.,0.,0.,0.,0.
SNES Setup Stage,  SA: frmProl0,0,0.,0.,0.,0.,0.
SNES Setup Stage,  SA: smooth,0,0.,0.,0.,0.,0.
SNES Setup Stage,GAMG: partLevel,0,0.,0.,0.,0.,0.
SNES Setup Stage,  repartition,0,0.,0.,0.,0.,0.
SNES Setup Stage,  Invert-Sort,0,0.,0.,0.,0.,0.
SNES Setup Stage,  Move A,0,0.,0.,0.,0.,0.
SNES Setup Stage,  Move P,0,0.,0.,0.,0.,0.
SNES Setup Stage,PCBDDCTopo,0,0.,0.,0.,0.,0.
SNES Setup Stage,PCBDDCLKSP,0,0.,0.,0.,0.,0.
SNES Setup Stage,PCBDDCLWor,0,0.,0.,0.,0.,0.
SNES Setup Stage,PCBDDCCorr,0,0.,0.,0.,0.,0.
SNES Setup Stage,PCBDDCASet,0,0.,0.,0.,0.,0.
SNES Setup Stage,PCBDDCAApp,0,0.,0.,0.,0.,0.
SNES Setup Stage,PCBDDCCSet,0,0.,0.,0.,0.,0.
SNES Setup Stage,PCBDDCCKSP,0,0.,0.,0.,0.,0.
SNES Setup Stage,PCBDDCAdap,0,0.,0.,0.,0.,0.
SNES Setup Stage,PCBDDCScal,0,0.,0.,0.,0.,0.
SNES Setup Stage,PCBDDCSchr,0,0.,0.,0.,0.,0.
SNES Setup Stage,PCBDDCTopo l01,0,0.,0.,0.,0.,0.
SNES Setup Stage,PCBDDCLKSP l01,0,0.,0.,0.,0.,0.
SNES Setup Stage,PCBDDCLWor l01,0,0.,0.,0.,0.,0.
SNES Setup Stage,PCBDDCCorr l01,0,0.,0.,0.,0.,0.
SNES Setup Stage,PCBDDCASet l01,0,0.,0.,0.,0.,0.
SNES Setup Stage,PCBDDCAApp l01,0,0.,0.,0.,0.,0.
SNES Setup Stage,PCBDDCCSet l01,0,0.,0.,0.,0.,0.
SNES Setup Stage,PCBDDCCKSP l01,0,0.,0.,0.,0.,0.
SNES Setup Stage,PCBDDCAdap l01,0,0.,0.,0.,0.,0.
SNES Setup Stage,PCBDDCScal l01,0,0.,0.,0.,0.,0.
SNES Setup Stage,PCBDDCSchr l01,0,0.,0.,0.,0.,0.
SNES Setup Stage,PCBDDCTopo l02,0,0.,0.,0.,0.,0.
SNES Setup Stage,PCBDDCLKSP l02,0,0.,0.,0.,0.,0.
SNES Setup Stage,PCBDDCLWor l02,0,0.,0.,0.,0.,0.
SNES Setup Stage,PCBDDCCorr l02,0,0.,0.,0.,0.,0.
SNES Setup Stage,PCBDDCASet l02,0,0.,0.,0.,0.,0.
SNES Setup Stage,PCBDDCAApp l02,0,0.,0.,0.,0.,0.
SNES Setup Stage,PCBDDCCSet l02,0,0.,0.,0.,0.,0.
SNES Setup Stage,PCBDDCCKSP l02,0,0.,0.,0.,0.,0.
SNES Setup Stage,PCBDDCAdap l02,0,0.,0.,0.,0.,0.
SNES Setup Stage,PCBDDCScal l02,0,0.,0.,0.,0.,0.
SNES Setup Stage,PCBDDCSchr l02,0,0.,0.,0.,0.,0.
SNES Setup Stage,PCBDDCTopo l03,0,0.,0.,0.,0.,0.
SNES Setup Stage,PCBDDCLKSP l03,0,0.,0.,0.,0.,0.
SNES Setup Stage,PCBDDCLWor l03,0,0.,0.,0.,0.,0.
SNES Setup Stage,PCBDDCCorr l03,0,0.,0.,0.,0.,0.
SNES Setup Stage,PCBDDCASet l03,0,0.,0.,0.,0.,0.
SNES Setup Stage,PCBDDCAApp l03,0,0.,0.,0.,0.,0.
SNES Setup Stage,PCBDDCCSet l03,0,0.,0.,0.,0.,0.
SNES Setup Stage,PCBDDCCKSP l03,0,0.,0.,0.,0.,0.
SNES Setup Stage,PCBDDCAdap l03,0,0.,0.,0.,0.,0.
SNES Setup Stage,PCBDDCScal l03,0,0.,0.,0.,0.,0.
SNES Setup Stage,PCBDDCSchr l03,0,0.,0.,0.,0.,0.
SNES Setup Stage,PCBDDCTopo l04,0,0.,0.,0.,0.,0.
SNES Setup Stage,PCBDDCLKSP l04,0,0.,0.,0.,0.,0.
SNES Setup Stage,PCBDDCLWor l04,0,0.,0.,0.,0.,0.
SNES Setup Stage,PCBDDCCorr l04,0,0.,0.,0.,0.,0.
SNES Setup Stage,PCBDDCASet l04,0,0.,0.,0.,0.,0.
SNES Setup Stage,PCBDDCAApp l04,0,0.,0.,0.,0.,0.
SNES Setup Stage,PCBDDCCSet l04,0,0.,0.,0.,0.,0.
SNES Setup Stage,PCBDDCCKSP l04,0,0.,0.,0.,0.,0.
SNES Setup Stage,PCBDDCAdap l04,0,0.,0.,0.,0.,0.
SNES Setup Stage,PCBDDCScal l04,0,0.,0.,0.,0.,0.
SNES Setup Stage,PCBDDCSchr l04,0,0.,0.,0.,0.,0.
SNES Setup Stage,PCBDDCTopo l05,0,0.,0.,0.,0.,0.
SNES Setup Stage,PCBDDCLKSP l05,0,0.,0.,0.,0.,0.
SNES Setup Stage,PCBDDCLWor l05,0,0.,0.,0.,0.,0.
SNES Setup Stage,PCBDDCCorr l05,0,0.,0.,0.,0.,0.
SNES Setup Stage,PCBDDCASet l05,0,0.,0.,0.,0.,0.
SNES Setup Stage,PCBDDCAApp l05,0,0.,0.,0.,0.,0.
SNES Setup Stage,PCBDDCCSet l05,0,0.,0.,0.,0.,0.
SNES Setup Stage,PCBDDCCKSP l05,0,0.,0.,0.,0.,0.
SNES Setup Stage,PCBDDCAdap l05,0,0.,0.,0.,0.,0.
SNES Setup Stage,PCBDDCScal l05,0,0.,0.,0.,0.,0.
SNES Setup Stage,PCBDDCSchr l05,0,0.,0.,0.,0.,0.
SNES Setup Stage,PCBDDCTopo l06,0,0.,0.,0.,0.,0.
SNES Setup Stage,PCBDDCLKSP l06,0,0.,0.,0.,0.,0.
SNES Setup Stage,PCBDDCLWor l06,0,0.,0.,0.,0.,0.
SNES Setup Stage,PCBDDCCorr l06,0,0.,0.,0.,0.,0.
SNES Setup Stage,PCBDDCASet l06,0,0.,0.,0.,0.,0.
SNES Setup Stage,PCBDDCAApp l06,0,0.,0.,0.,0.,0.
SNES Setup Stage,PCBDDCCSet l06,0,0.,0.,0.,0.,0.
SNES Setup Stage,PCBDDCCKSP l06,0,0.,0.,0.,0.,0.
SNES Setup Stage,PCBDDCAdap l06,0,0.,0.,0.,0.,0.
SNES Setup Stage,PCBDDCScal l06,0,0.,0.,0.,0.,0.
SNES Setup Stage,PCBDDCSchr l06,0,0.,0.,0.,0.,0.
SNES Setup Stage,PCBDDCTopo l07,0,0.,0.,0.,0.,0.
SNES Setup Stage,PCBDDCLKSP l07,0,0.,0.,0.,0.,0.
SNES Setup Stage,PCBDDCLWor l07,0,0.,0.,0.,0.,0.
SNES Setup Stage,PCBDDCCorr l07,0,0.,0.,0.,0.,0.
SNES Setup Stage,PCBDDCASet l07,0,0.,0.,0.,0.,0.
SNES Setup Stage,PCBDDCAApp l07,0,0.,0.,0.,0.,0.
SNES Setup Stage,PCBDDCCSet l07,0,0.,0.,0.,0.,0.
SNES Setup Stage,PCBDDCCKSP l07,0,0.,0.,0.,0.,0.
SNES Setup Stage,PCBDDCAdap l07,0,0.,0.,0.,0.,0.
SNES Setup Stage,PCBDDCScal l07,0,0.,0.,0.,0.,0.
SNES Setup Stage,PCBDDCSchr l07,0,0.,0.,0.,0.,0.
SNES Setup Stage,PCSetUp,0,0.,0.,0.,0.,0.
SNES Setup Stage,PCSetUpOnBlocks,0,0.,0.,0.,0.,0.
SNES Setup Stage,PCApply,0,0.,0.,0.,0.,0.
SNES Setup Stage,PCApplyOnBlocks,0,0.,0.,0.,0.,0.
SNES Setup Stage,PCApplyCoarse,0,0.,0.,0.,0.,0.
SNES Setup Stage,PCApplyMultiple,0,0.,0.,0.,0.,0.
SNES Setup Stage,PCApplySymmLeft,0,0.,0.,0.,0.,0.
SNES Setup Stage,PCApplySymmRight,0,0.,0.,0.,0.,0.
SNES Setup Stage,PCModifySubMatri,0,0.,0.,0.,0.,0.
SNES Setup Stage,PCPATCHCreate,0,0.,0.,0.,0.,0.
SNES Setup Stage,PCPATCHComputeOp,0,0.,0.,0.,0.,0.
SNES Setup Stage,PCPATCHSolve,0,0.,0.,0.,0.,0.
SNES Setup Stage,PCPATCHApply,0,0.,0.,0.,0.,0.
SNES Setup Stage,PCPATCHScatter,0,0.,0.,0.,0.,0.
SNES Setup Stage,PCPATCHPrealloc,0,0.,0.,0.,0.,0.
SNES Setup Stage,KSPSolve_FS_0,0,0.,0.,0.,0.,0.
SNES Setup Stage,KSPSolve_FS_1,0,0.,0.,0.,0.,0.
SNES Setup Stage,KSPSolve_FS_2,0,0.,0.,0.,0.,0.
SNES Setup Stage,KSPSolve_FS_3,0,0.,0.,0.,0.,0.
SNES Setup Stage,KSPSolve_FS_4,0,0.,0.,0.,0.,0.
SNES Setup Stage,KSPSolve_FS_Schu,0,0.,0.,0.,0.,0.
SNES Setup Stage,KSPSolve_FS_Up,0,0.,0.,0.,0.,0.
SNES Setup Stage,KSPSolve_FS_Low,0,0.,0.,0.,0.,0.
SNES Solve Stage,summary,0,5.40999,0.,0.,0.,2.67434e+07
SNES Solve Stage,PetscBarrier,0,2.6226e-06,0.,0.,0.,0.
SNES Solve Stage,BuildTwoSided,0,3.69549e-05,0.,0.,0.,0.
SNES Solve Stage,BuildTwoSidedF,0,0.,0.,0.,0.,0.
SNES Solve Stage,DMConvert,0,0.,0.,0.,0.,0.
SNES Solve Stage,DMGlobalToLocal,0,0.,0.,0.,0.,0.
SNES Solve Stage,DMLocalToGlobal,0,0.,0.,0.,0.,0.
SNES Solve Stage,DMLocatePoints,0,0.,0.,0.,0.,0.
SNES Solve Stage,DMCoarsen,0,0.,0.,0.,0.,0.
SNES Solve Stage,DMCreateInterp,0,0.,0.,0.,0.,0.
SNES Solve Stage,DMCreateRestrict,0,0.,0.,0.,0.,0.
SNES Solve Stage,DMCreateInject,0,0.,0.,0.,0.,0.
SNES Solve Stage,DMCreateMat,0,0.,0.,0.,0.,0.
SNES Solve Stage,Mesh Partition,0,0.,0.,0.,0.,0.
SNES Solve Stage,Mesh Migration,0,0.,0.,0.,0.,0.
SNES Solve Stage,DMPlexPartSelf,0,0.,0.,0.,0.,0.
SNES Solve Stage,DMPlexPartLblInv,0,0.,0.,0.,0.,0.
SNES Solve Stage,DMPlexPartLblSF,0,0.,0.,0.,0.,0.
SNES Solve Stage,DMPlexPartStrtSF,0,0.,0.,0.,0.,0.
SNES Solve Stage,DMPlexPointSF,0,0.,0.,0.,0.,0.
SNES Solve Stage,DMPlexInterp,0,0.0030055,0.,0.,0.,0.
SNES Solve Stage,DMPlexDistribute,0,0.,0.,0.,0.,0.
SNES Solve Stage,DMPlexDistCones,0,0.,0.,0.,0.,0.
SNES Solve Stage,DMPlexDistLabels,0,0.,0.,0.,0.,0.
SNES Solve Stage,DMPlexDistSF,0,0.,0.,0.,0.,0.
SNES Solve Stage,DMPlexDistOvrlp,0,0.,0.,0.,0.,0.
SNES Solve Stage,DMPlexDistField,0,0.,0.,0.,0.,0.
SNES Solve Stage,DMPlexDistData,0,0.,0.,0.,0.,0.
SNES Solve Stage,DMPlexInterpSF,0,0.,0.,0.,0.,0.
SNES Solve Stage,DMPlexGToNBegin,0,0.,0.,0.,0.,0.
SNES Solve Stage,DMPlexGToNEnd,0,0.,0.,0.,0.,0.
SNES Solve Stage,DMPlexNToGBegin,0,0.,0.,0.,0.,0.
SNES Solve Stage,DMPlexNToGEnd,0,0.,0.,0.,0.,0.
SNES Solve Stage,DMPlexStratify,0,0.0022068,0.,0.,0.,0.
SNES Solve Stage,DMPlexSymmetrize,0,0.000149965,0.,0.,0.,0.
SNES Solve Stage,DMPlexPrealloc,0,0.,0.,0.,0.,0.
SNES Solve Stage,DMPlexResidualFE,0,0.,0.,0.,0.,0.
SNES Solve Stage,DMPlexJacobianFE,0,0.,0.,0.,0.,0.
SNES Solve Stage,DMPlexInterpFE,0,0.,0.,0.,0.,0.
SNES Solve Stage,DMPlexInjectorFE,0,0.,0.,0.,0.,0.
SNES Solve Stage,DMPlexIntegralFEM,0,0.,0.,0.,0.,0.
SNES Solve Stage,DMPlexCreateGmsh,0,0.,0.,0.,0.,0.
SNES Solve Stage,DMPlexRebalance,0,0.,0.,0.,0.,0.
SNES Solve Stage,DMSwarmMigrate,0,0.,0.,0.,0.,0.
SNES Solve Stage,DMSwarmDETSetup,0,0.,0.,0.,0.,0.
SNES Solve Stage,DMSwarmDExBegin,0,0.,0.,0.,0.,0.
SNES Solve Stage,DMSwarmDExEnd,0,0.,0.,0.,0.,0.
SNES Solve Stage,DMSwarmDESendCnt,0,0.,0.,0.,0.,0.
SNES Solve Stage,DMSwarmDEPack,0,0.,0.,0.,0.,0.
SNES Solve Stage,DMSwarmAddPnts,0,0.,0.,0.,0.,0.
SNES Solve Stage,DMSwarmRmvPnts,0,0.,0.,0.,0.,0.
SNES Solve Stage,DMSwarmSort,0,0.,0.,0.,0.,0.
SNES Solve Stage,DMSwarmSetSizes,0,0.,0.,0.,0.,0.
SNES Solve Stage,SFSetGraph,0,1.78814e-05,0.,0.,0.,0.
SNES Solve Stage,SFSetUp,0,0.000358105,0.,0.,0.,0.
SNES Solve Stage,SFBcastBegin,0,0.,0.,0.,0.,0.
SNES Solve Stage,SFBcastEnd,0,0.,0.,0.,0.,0.
SNES Solve Stage,SFBcastOpBegin,0,0.00231576,0.,0.,0.,0.
SNES Solve Stage,SFBcastOpEnd,0,0.0262389,0.,0.,0.,0.
SNES Solve Stage,SFReduceBegin,0,0.02652,0.,0.,0.,0.
SNES Solve Stage,SFReduceEnd,0,0.0138781,0.,0.,0.,0.
SNES Solve Stage,SFFetchOpBegin,0,0.,0.,0.,0.,0.
SNES Solve Stage,SFFetchOpEnd,0,0.,0.,0.,0.,0.
SNES Solve Stage,SFCreateEmbed,0,0.,0.,0.,0.,0.
SNES Solve Stage,SFDistSection,0,0.,0.,0.,0.,0.
SNES Solve Stage,SFSectionSF,0,0.,0.,0.,0.,0.
SNES Solve Stage,SFRemoteOff,0,0.,0.,0.,0.,0.
SNES Solve Stage,MatMult MF,0,0.,0.,0.,0.,0.
SNES Solve Stage,MatMult,0,2.36937,0.,0.,0.,4.77576e+06
SNES Solve Stage,MatMults,0,0.,0.,0.,0.,0.
SNES Solve Stage,MatMultConstr,0,0.,0.,0.,0.,0.
SNES Solve Stage,MatMultAdd,0,0.0186977,0.,0.,0.,677226.
SNES Solve Stage,MatMultTranspose,0,0.0183463,0.,0.,0.,444234.
SNES Solve Stage,MatMultTrConstr,0,0.,0.,0.,0.,0.
SNES Solve Stage,MatMultTrAdd,0,0.,0.,0.,0.,0.
SNES Solve Stage,MatSolve,0,0.00011754,0.,0.,0.,1683.
SNES Solve Stage,MatSolves,0,0.,0.,0.,0.,0.
SNES Solve Stage,MatSolveAdd,0,0.,0.,0.,0.,0.
SNES Solve Stage,MatSolveTranspos,0,0.,0.,0.,0.,0.
SNES Solve Stage,MatSolveTrAdd,0,0.,0.,0.,0.,0.
SNES Solve Stage,MatSOR,0,0.0160005,0.,0.,0.,3.97703e+06
SNES Solve Stage,MatForwardSolve,0,0.,0.,0.,0.,0.
SNES Solve Stage,MatBackwardSolve,0,0.,0.,0.,0.,0.
SNES Solve Stage,MatLUFactor,0,0.,0.,0.,0.,0.
SNES Solve Stage,MatLUFactorSym,0,0.000185966,0.,0.,0.,0.
SNES Solve Stage,MatLUFactorNum,0,4.41074e-05,0.,0.,0.,449.
SNES Solve Stage,MatCholeskyFctr,0,0.,0.,0.,0.,0.
SNES Solve Stage,MatCholFctrSym,0,0.,0.,0.,0.,0.
SNES Solve Stage,MatCholFctrNum,0,0.,0.,0.,0.,0.
SNES Solve Stage,MatFctrFactSchur,0,0.,0.,0.,0.,0.
SNES Solve Stage,MatFctrInvSchur,0,0.,0.,0.,0.,0.
SNES Solve Stage,MatILUFactor,0,0.,0.,0.,0.,0.
SNES Solve Stage,MatILUFactorSym,0,0.,0.,0.,0.,0.
SNES Solve Stage,MatICCFactorSym,0,0.,0.,0.,0.,0.
SNES Solve Stage,MatCopy,0,0.,0.,0.,0.,0.
SNES Solve Stage,MatConvert,0,0.,0.,0.,0.,0.
SNES Solve Stage,MatScale,0,0.000233889,0.,0.,0.,24834.
SNES Solve Stage,MatResidual,0,0.299264,0.,0.,0.,936012.
SNES Solve Stage,MatAssemblyBegin,0,3.48091e-05,0.,0.,0.,0.
SNES Solve Stage,MatAssemblyEnd,0,0.00382638,0.,0.,0.,0.
SNES Solve Stage,MatSetValues,0,0.,0.,0.,0.,0.
SNES Solve Stage,MatGetValues,0,0.,0.,0.,0.,0.
SNES Solve Stage,MatGetRow,0,0.,0.,0.,0.,0.
SNES Solve Stage,MatGetRowIJ,0,0.000832558,0.,0.,0.,0.
SNES Solve Stage,MatCreateSubMats,0,0.,0.,0.,0.,0.
SNES Solve Stage,MatCreateSubMat,0,0.,0.,0.,0.,0.
SNES Solve Stage,MatGetOrdering,0,0.000348568,0.,0.,0.,0.
SNES Solve Stage,MatIncreaseOvrlp,0,0.,0.,0.,0.,0.
SNES Solve Stage,MatPartitioning,0,0.,0.,0.,0.,0.
SNES Solve Stage,MatPartitioningND,0,0.,0.,0.,0.,0.
SNES Solve Stage,MatCoarsen,0,0.000401497,0.,0.,0.,0.
SNES Solve Stage,MatZeroEntries,0,0.,0.,0.,0.,0.
SNES Solve Stage,MatLoad,0,0.,0.,0.,0.,0.
SNES Solve Stage,MatView,0,0.,0.,0.,0.,0.
SNES Solve Stage,MatAXPY,0,0.00165844,0.,0.,0.,3546.
SNES Solve Stage,MatFDColorCreate,0,0.00061512,0.,0.,0.,0.
SNES Solve Stage,MatFDColorSetUp,0,0.00829458,0.,0.,0.,0.
SNES Solve Stage,MatFDColorApply,0,1.08141,0.,0.,0.,92736.
SNES Solve Stage,MatFDColorFunc,0,1.07927,0.,0.,0.,0.
SNES Solve Stage,MatTranspose,0,0.,0.,0.,0.,0.
SNES Solve Stage,MatMatMult,0,0.00779533,0.,0.,0.,226431.
SNES Solve Stage,MatMatSolve,0,0.,0.,0.,0.,0.
SNES Solve Stage,MatMatTrSolve,0,0.,0.,0.,0.,0.
SNES Solve Stage,MatMatMultSym,0,0.00856757,0.,0.,0.,0.
SNES Solve Stage,MatMatMultNum,0,0.00388765,0.,0.,0.,315695.
SNES Solve Stage,MatMatMatMult,0,0.0189247,0.,0.,0.,775836.
SNES Solve Stage,MatMatMatMultSym,0,0.0117154,0.,0.,0.,0.
SNES Solve Stage,MatMatMatMultNum,0,0.00720191,0.,0.,0.,775836.
SNES Solve Stage,MatPtAP,0,0.0199754,0.,0.,0.,775836.
SNES Solve Stage,MatPtAPSymbolic,0,0.,0.,0.,0.,0.
SNES Solve Stage,MatPtAPNumeric,0,0.,0.,0.,0.,0.
SNES Solve Stage,MatRARt,0,0.,0.,0.,0.,0.
SNES Solve Stage,MatRARtSym,0,0.,0.,0.,0.,0.
SNES Solve Stage,MatRARtNum,0,0.,0.,0.,0.,0.
SNES Solve Stage,MatMatTransMult,0,0.,0.,0.,0.,0.
SNES Solve Stage,MatMatTrnMultSym,0,0.,0.,0.,0.,0.
SNES Solve Stage,MatMatTrnMultNum,0,0.,0.,0.,0.,0.
SNES Solve Stage,MatTrnMatMult,0,0.00565767,0.,0.,0.,89264.
SNES Solve Stage,MatTrnMatMultSym,0,0.,0.,0.,0.,0.
SNES Solve Stage,MatTrnMatMultNum,0,0.,0.,0.,0.,0.
SNES Solve Stage,MatTrnColorCreate,0,0.,0.,0.,0.,0.
SNES Solve Stage,MatRedundantMat,0,0.,0.,0.,0.,0.
SNES Solve Stage,MatGetSeqNZStrct,0,0.,0.,0.,0.,0.
SNES Solve Stage,MatGetMultiProcB,0,0.,0.,0.,0.,0.
SNES Solve Stage,MatSetRandom,0,0.,0.,0.,0.,0.
SNES Solve Stage,MatMPISumSeqNumeric,0,0.,0.,0.,0.,0.
SNES Solve Stage,MatMPISumSeqSymbolic,0,0.,0.,0.,0.,0.
SNES Solve Stage,MatMPISumSeq,0,0.,0.,0.,0.,0.
SNES Solve Stage,MatMPIConcateSeq,0,0.,0.,0.,0.,0.
SNES Solve Stage,MatGetLocalMat,0,0.,0.,0.,0.,0.
SNES Solve Stage,MatGetLocalMatCondensed,0,0.,0.,0.,0.,0.
SNES Solve Stage,MatGetBrowsOfAcols,0,0.,0.,0.,0.,0.
SNES Solve Stage,MatGetBrAoCol,0,0.,0.,0.,0.,0.
SNES Solve Stage,MatApplyPAPt_Symbolic,0,0.,0.,0.,0.,0.
SNES Solve Stage,MatApplyPAPt_Numeric,0,0.,0.,0.,0.,0.
SNES Solve Stage,MatApplyPAPt,0,0.,0.,0.,0.,0.
SNES Solve Stage,MatGetSymTrans,0,0.,0.,0.,0.,0.
SNES Solve Stage,MatGetSymTransR,0,0.,0.,0.,0.,0.
SNES Solve Stage,MatCUSPARSCopyTo,0,0.,0.,0.,0.,0.
SNES Solve Stage,MatVCLCopyTo,0,0.,0.,0.,0.,0.
SNES Solve Stage,MatDenseCopyTo,0,0.,0.,0.,0.,0.
SNES Solve Stage,MatDenseCopyFrom,0,0.,0.,0.,0.,0.
SNES Solve Stage,MatSetValBatch,0,0.,0.,0.,0.,0.
SNES Solve Stage,MatColoringApply,0,0.00386024,0.,0.,0.,0.
SNES Solve Stage,MatColoringComm,0,0.,0.,0.,0.,0.
SNES Solve Stage,MatColoringLocal,0,0.,0.,0.,0.,0.
SNES Solve Stage,MatColoringIS,0,0.,0.,0.,0.,0.
SNES Solve Stage,MatColoringSetUp,0,0.,0.,0.,0.,0.
SNES Solve Stage,MatColoringWeights,0,0.,0.,0.,0.,0.
SNES Solve Stage,VecView,0,0.,0.,0.,0.,0.
SNES Solve Stage,VecMax,0,0.,0.,0.,0.,0.
SNES Solve Stage,VecMin,0,0.,0.,0.,0.,0.
SNES Solve Stage,VecDot,0,8.46386e-05,0.,0.,0.,24815.
SNES Solve Stage,VecDotNorm2,0,0.,0.,0.,0.,0.
SNES Solve Stage,VecMDot,0,0.00304866,0.,0.,0.,1.61938e+06
SNES Solve Stage,VecTDot,0,0.00171351,0.,0.,0.,521115.
SNES Solve Stage,VecMTDot,0,0.,0.,0.,0.,0.
SNES Solve Stage,VecNorm,0,0.00156283,0.,0.,0.,423405.
SNES Solve Stage,VecScale,0,0.00118995,0.,0.,0.,162180.
SNES Solve Stage,VecCopy,0,0.000661612,0.,0.,0.,0.
SNES Solve Stage,VecSet,0,0.00641036,0.,0.,0.,0.
SNES Solve Stage,VecAXPY,0,0.00395584,0.,0.,0.,941208.
SNES Solve Stage,VecAYPX,0,0.0141866,0.,0.,0.,1.69224e+06
SNES Solve Stage,VecAXPBYCZ,0,0.00780153,0.,0.,0.,2.85978e+06
SNES Solve Stage,VecWAXPY,0,0.000137806,0.,0.,0.,12408.
SNES Solve Stage,VecMAXPY,0,0.00527143,0.,0.,0.,1.91443e+06
SNES Solve Stage,VecSwap,0,0.,0.,0.,0.,0.
SNES Solve Stage,VecOps,0,0.,0.,0.,0.,0.
SNES Solve Stage,VecAssemblyBegin,0,0.,0.,0.,0.,0.
SNES Solve Stage,VecAssemblyEnd,0,0.,0.,0.,0.,0.
SNES Solve Stage,VecPointwiseMult,0,0.0162315,0.,0.,0.,1.44933e+06
SNES Solve Stage,VecSetValues,0,0.,0.,0.,0.,0.
SNES Solve Stage,VecLoad,0,0.,0.,0.,0.,0.
SNES Solve Stage,VecScatterBegin,0,0.,0.,0.,0.,0.
SNES Solve Stage,VecScatterEnd  ,0,0.,0.,0.,0.,0.
SNES Solve Stage,VecSetRandom,0,0.000378609,0.,0.,0.,0.
SNES Solve Stage,VecReduceArith,0,0.000164986,0.,0.,0.,49630.
SNES Solve Stage,VecReduceComm,0,2.14577e-06,0.,0.,0.,0.
SNES Solve Stage,VecReduceBegin,0,0.,0.,0.,0.,0.
SNES Solve Stage,VecReduceEnd,0,0.,0.,0.,0.,0.
SNES Solve Stage,VecNormalize,0,0.0024457,0.,0.,0.,486489.
SNES Solve Stage,SNESSolve,0,5.40919,0.,0.,0.,2.67434e+07
SNES Solve Stage,SNESSetUp,0,3.38554e-05,0.,0.,0.,0.
SNES Solve Stage,SNESFunctionEval,0,2.55598,0.,0.,0.,5.01759e+06
SNES Solve Stage,SNESObjectiveEval,0,0.,0.,0.,0.,0.
SNES Solve Stage,SNESNGSEval,0,0.,0.,0.,0.,0.
SNES Solve Stage,SNESNGSFuncEval,0,0.,0.,0.,0.,0.
SNES Solve Stage,SNESJacobianEval,0,1.09731,0.,0.,0.,92736.
SNES Solve Stage,SNESNPCSolve,0,0.,0.,0.,0.,0.
SNES Solve Stage,SNESLineSearch,0,0.763582,0.,0.,0.,2.66971e+06
SNES Solve Stage,KSPSetUp,0,0.00427985,0.,0.,0.,0.
SNES Solve Stage,KSPSolve,0,2.80245,0.,0.,0.,2.14222e+07
SNES Solve Stage,KSPGMRESOrthog,0,0.0084579,0.,0.,0.,3.23899e+06
SNES Solve Stage,KSPSolveTranspos,0,0.,0.,0.,0.,0.
SNES Solve Stage,PCGAMGGraph_AGG,0,0.0269237,0.,0.,0.,40380.
SNES Solve Stage,PCGAMGGraph_GEO,0,0.,0.,0.,0.,0.
SNES Solve Stage,PCGAMGCoarse_AGG,0,0.00764418,0.,0.,0.,89264.
SNES Solve Stage,PCGAMGCoarse_GEO,0,0.,0.,0.,0.,0.
SNES Solve Stage,PCGAMGProl_AGG,0,0.00280309,0.,0.,0.,0.
SNES Solve Stage,PCGAMGProl_GEO,0,0.,0.,0.,0.,0.
SNES Solve Stage,PCGAMGPOpt_AGG,0,0.0193026,0.,0.,0.,1.29968e+06
SNES Solve Stage,GAMG: createProl,0,0.0568702,0.,0.,0.,1.42932e+06
SNES Solve Stage,  Graph,0,0.0267904,0.,0.,0.,40380.
SNES Solve Stage,  MIS/Agg,0,0.000524998,0.,0.,0.,0.
SNES Solve Stage,  geo: growSupp,0,0.,0.,0.,0.,0.
SNES Solve Stage,  geo: triangle,0,0.,0.,0.,0.,0.
SNES Solve Stage,    search-set,0,0.,0.,0.,0.,0.
SNES Solve Stage,  SA: col data,0,1.07288e-05,0.,0.,0.,0.
SNES Solve Stage,  SA: frmProl0,0,0.00233817,0.,0.,0.,0.
SNES Solve Stage,  SA: smooth,0,0.0101185,0.,0.,0.,246735.
SNES Solve Stage,GAMG: partLevel,0,0.0203435,0.,0.,0.,775836.
SNES Solve Stage,  repartition,0,0.,0.,0.,0.,0.
SNES Solve Stage,  Invert-Sort,0,0.,0.,0.,0.,0.
SNES Solve Stage,  Move A,0,0.,0.,0.,0.,0.
SNES Solve Stage,  Move P,0,0.,0.,0.,0.,0.
SNES Solve Stage,PCBDDCTopo,0,0.,0.,0.,0.,0.
SNES Solve Stage,PCBDDCLKSP,0,0.,0.,0.,0.,0.
SNES Solve Stage,PCBDDCLWor,0,0.,0.,0.,0.,0.
SNES Solve Stage,PCBDDCCorr,0,0.,0.,0.,0.,0.
SNES Solve Stage,PCBDDCASet,0,0.,0.,0.,0.,0.
SNES Solve Stage,PCBDDCAApp,0,0.,0.,0.,0.,0.
SNES Solve Stage,PCBDDCCSet,0,0.,0.,0.,0.,0.
SNES Solve Stage,PCBDDCCKSP,0,0.,0.,0.,0.,0.
SNES Solve Stage,PCBDDCAdap,0,0.,0.,0.,0.,0.
SNES Solve Stage,PCBDDCScal,0,0.,0.,0.,0.,0.
SNES Solve Stage,PCBDDCSchr,0,0.,0.,0.,0.,0.
SNES Solve Stage,PCBDDCTopo l01,0,0.,0.,0.,0.,0.
SNES Solve Stage,PCBDDCLKSP l01,0,0.,0.,0.,0.,0.
SNES Solve Stage,PCBDDCLWor l01,0,0.,0.,0.,0.,0.
SNES Solve Stage,PCBDDCCorr l01,0,0.,0.,0.,0.,0.
SNES Solve Stage,PCBDDCASet l01,0,0.,0.,0.,0.,0.
SNES Solve Stage,PCBDDCAApp l01,0,0.,0.,0.,0.,0.
SNES Solve Stage,PCBDDCCSet l01,0,0.,0.,0.,0.,0.
SNES Solve Stage,PCBDDCCKSP l01,0,0.,0.,0.,0.,0.
SNES Solve Stage,PCBDDCAdap l01,0,0.,0.,0.,0.,0.
SNES Solve Stage,PCBDDCScal l01,0,0.,0.,0.,0.,0.
SNES Solve Stage,PCBDDCSchr l01,0,0.,0.,0.,0.,0.
SNES Solve Stage,PCBDDCTopo l02,0,0.,0.,0.,0.,0.
SNES Solve Stage,PCBDDCLKSP l02,0,0.,0.,0.,0.,0.
SNES Solve Stage,PCBDDCLWor l02,0,0.,0.,0.,0.,0.
SNES Solve Stage,PCBDDCCorr l02,0,0.,0.,0.,0.,0.
SNES Solve Stage,PCBDDCASet l02,0,0.,0.,0.,0.,0.
SNES Solve Stage,PCBDDCAApp l02,0,0.,0.,0.,0.,0.
SNES Solve Stage,PCBDDCCSet l02,0,0.,0.,0.,0.,0.
SNES Solve Stage,PCBDDCCKSP l02,0,0.,0.,0.,0.,0.
SNES Solve Stage,PCBDDCAdap l02,0,0.,0.,0.,0.,0.
SNES Solve Stage,PCBDDCScal l02,0,0.,0.,0.,0.,0.
SNES Solve Stage,PCBDDCSchr l02,0,0.,0.,0.,0.,0.
SNES Solve Stage,PCBDDCTopo l03,0,0.,0.,0.,0.,0.
SNES Solve Stage,PCBDDCLKSP l03,0,0.,0.,0.,0.,0.
SNES Solve Stage,PCBDDCLWor l03,0,0.,0.,0.,0.,0.
SNES Solve Stage,PCBDDCCorr l03,0,0.,0.,0.,0.,0.
SNES Solve Stage,PCBDDCASet l03,0,0.,0.,0.,0.,0.
SNES Solve Stage,PCBDDCAApp l03,0,0.,0.,0.,0.,0.
SNES Solve Stage,PCBDDCCSet l03,0,0.,0.,0.,0.,0.
SNES Solve Stage,PCBDDCCKSP l03,0,0.,0.,0.,0.,0.
SNES Solve Stage,PCBDDCAdap l03,0,0.,0.,0.,0.,0.
SNES Solve Stage,PCBDDCScal l03,0,0.,0.,0.,0.,0.
SNES Solve Stage,PCBDDCSchr l03,0,0.,0.,0.,0.,0.
SNES Solve Stage,PCBDDCTopo l04,0,0.,0.,0.,0.,0.
SNES Solve Stage,PCBDDCLKSP l04,0,0.,0.,0.,0.,0.
SNES Solve Stage,PCBDDCLWor l04,0,0.,0.,0.,0.,0.
SNES Solve Stage,PCBDDCCorr l04,0,0.,0.,0.,0.,0.
SNES Solve Stage,PCBDDCASet l04,0,0.,0.,0.,0.,0.
SNES Solve Stage,PCBDDCAApp l04,0,0.,0.,0.,0.,0.
SNES Solve Stage,PCBDDCCSet l04,0,0.,0.,0.,0.,0.
SNES Solve Stage,PCBDDCCKSP l04,0,0.,0.,0.,0.,0.
SNES Solve Stage,PCBDDCAdap l04,0,0.,0.,0.,0.,0.
SNES Solve Stage,PCBDDCScal l04,0,0.,0.,0.,0.,0.
SNES Solve Stage,PCBDDCSchr l04,0,0.,0.,0.,0.,0.
SNES Solve Stage,PCBDDCTopo l05,0,0.,0.,0.,0.,0.
SNES Solve Stage,PCBDDCLKSP l05,0,0.,0.,0.,0.,0.
SNES Solve Stage,PCBDDCLWor l05,0,0.,0.,0.,0.,0.
SNES Solve Stage,PCBDDCCorr l05,0,0.,0.,0.,0.,0.
SNES Solve Stage,PCBDDCASet l05,0,0.,0.,0.,0.,0.
SNES Solve Stage,PCBDDCAApp l05,0,0.,0.,0.,0.,0.
SNES Solve Stage,PCBDDCCSet l05,0,0.,0.,0.,0.,0.
SNES Solve Stage,PCBDDCCKSP l05,0,0.,0.,0.,0.,0.
SNES Solve Stage,PCBDDCAdap l05,0,0.,0.,0.,0.,0.
SNES Solve Stage,PCBDDCScal l05,0,0.,0.,0.,0.,0.
SNES Solve Stage,PCBDDCSchr l05,0,0.,0.,0.,0.,0.
SNES Solve Stage,PCBDDCTopo l06,0,0.,0.,0.,0.,0.
SNES Solve Stage,PCBDDCLKSP l06,0,0.,0.,0.,0.,0.
SNES Solve Stage,PCBDDCLWor l06,0,0.,0.,0.,0.,0.
SNES Solve Stage,PCBDDCCorr l06,0,0.,0.,0.,0.,0.
SNES Solve Stage,PCBDDCASet l06,0,0.,0.,0.,0.,0.
SNES Solve Stage,PCBDDCAApp l06,0,0.,0.,0.,0.,0.
SNES Solve Stage,PCBDDCCSet l06,0,0.,0.,0.,0.,0.
SNES Solve Stage,PCBDDCCKSP l06,0,0.,0.,0.,0.,0.
SNES Solve Stage,PCBDDCAdap l06,0,0.,0.,0.,0.,0.
SNES Solve Stage,PCBDDCScal l06,0,0.,0.,0.,0.,0.
SNES Solve Stage,PCBDDCSchr l06,0,0.,0.,0.,0.,0.
SNES Solve Stage,PCBDDCTopo l07,0,0.,0.,0.,0.,0.
SNES Solve Stage,PCBDDCLKSP l07,0,0.,0.,0.,0.,0.
SNES Solve Stage,PCBDDCLWor l07,0,0.,0.,0.,0.,0.
SNES Solve Stage,PCBDDCCorr l07,0,0.,0.,0.,0.,0.
SNES Solve Stage,PCBDDCASet l07,0,0.,0.,0.,0.,0.
SNES Solve Stage,PCBDDCAApp l07,0,0.,0.,0.,0.,0.
SNES Solve Stage,PCBDDCCSet l07,0,0.,0.,0.,0.,0.
SNES Solve Stage,PCBDDCCKSP l07,0,0.,0.,0.,0.,0.
SNES Solve Stage,PCBDDCAdap l07,0,0.,0.,0.,0.,0.
SNES Solve Stage,PCBDDCScal l07,0,0.,0.,0.,0.,0.
SNES Solve Stage,PCBDDCSchr l07,0,0.,0.,0.,0.,0.
SNES Solve Stage,PCSetUp,0,0.0893364,0.,0.,0.,2.24669e+06
SNES Solve Stage,PCSetUpOnBlocks,0,0.00095439,0.,0.,0.,449.
SNES Solve Stage,PCApply,0,2.44073,0.,0.,0.,1.79351e+07
SNES Solve Stage,PCApplyOnBlocks,0,0.,0.,0.,0.,0.
SNES Solve Stage,PCApplyCoarse,0,0.,0.,0.,0.,0.
SNES Solve Stage,PCApplyMultiple,0,0.,0.,0.,0.,0.
SNES Solve Stage,PCApplySymmLeft,0,0.,0.,0.,0.,0.
SNES Solve Stage,PCApplySymmRight,0,0.,0.,0.,0.,0.
SNES Solve Stage,PCModifySubMatri,0,0.,0.,0.,0.,0.
SNES Solve Stage,PCPATCHCreate,0,0.,0.,0.,0.,0.
SNES Solve Stage,PCPATCHComputeOp,0,0.,0.,0.,0.,0.
SNES Solve Stage,PCPATCHSolve,0,0.,0.,0.,0.,0.
SNES Solve Stage,PCPATCHApply,0,0.,0.,0.,0.,0.
SNES Solve Stage,PCPATCHScatter,0,0.,0.,0.,0.,0.
SNES Solve Stage,PCPATCHPrealloc,0,0.,0.,0.,0.,0.
SNES Solve Stage,KSPSolve_FS_0,0,0.,0.,0.,0.,0.
SNES Solve Stage,KSPSolve_FS_1,0,0.,0.,0.,0.,0.
SNES Solve Stage,KSPSolve_FS_2,0,0.,0.,0.,0.,0.
SNES Solve Stage,KSPSolve_FS_3,0,0.,0.,0.,0.,0.
SNES Solve Stage,KSPSolve_FS_4,0,0.,0.,0.,0.,0.
SNES Solve Stage,KSPSolve_FS_Schu,0,0.,0.,0.,0.,0.
SNES Solve Stage,KSPSolve_FS_Up,0,0.,0.,0.,0.,0.
SNES Solve Stage,KSPSolve_FS_Low,0,0.,0.,0.,0.,0.
